meter_id,timestamp,consumption_kwh,voltage_v,current_a,power_factor,status
M-101,2026-09-01 00:00:00,23.5,221.9,101.28,0.954,OK
M-101,2026-09-01 01:00:00,20.11,221.15,100.49,0.935,OK
M-101,2026-09-01 02:00:00,23.01,222.06,101.84,0.952,OK
M-101,2026-09-01 03:00:00,23.14,221.56,107.78,0.927,OK
M-101,2026-09-01 04:00:00,23.59,222.05,101.52,0.939,OK
M-101,2026-09-01 05:00:00,22.76,222.47,102.36,0.938,OK
M-101,2026-09-01 06:00:00,28.8,221.64,132.34,0.945,OK
M-101,2026-09-01 07:00:00,30.06,223.57,134.69,0.934,OK
M-101,2026-09-01 08:00:00,35.07,221.74,159.96,0.957,OK
M-101,2026-09-01 09:00:00,35.67,220.01,159.88,0.95,OK
M-101,2026-09-01 10:00:00,36.95,220.2,164.03,0.943,OK
M-101,2026-09-01 11:00:00,36.02,222.05,163.06,0.943,OK
M-101,2026-09-01 12:00:00,36.86,221.35,162.6,0.949,OK
M-101,2026-09-01 13:00:00,33.65,220.44,161.44,0.93,OK
M-101,2026-09-01 14:00:00,35.43,219.96,166.88,0.955,OK
M-101,2026-09-01 15:00:00,33.32,221.2,161.4,0.949,OK
M-101,2026-09-01 16:00:00,36.91,220.58,164.78,0.933,OK
M-101,2026-09-01 17:00:00,37.13,219.47,161.83,0.923,OK
M-101,2026-09-01 18:00:00,28.06,221.17,134.89,0.95,OK
M-101,2026-09-01 19:00:00,28.8,221.75,133.88,0.935,OK
M-101,2026-09-01 20:00:00,30.13,220.56,131.41,0.934,OK
M-101,2026-09-01 21:00:00,27.65,220.44,134.86,0.94,OK
M-101,2026-09-01 22:00:00,30.16,221.8,134.74,0.939,OK
M-101,2026-09-01 23:00:00,28.81,218.98,133.16,0.918,OK
M-101,2026-09-02 00:00:00,21.06,221.48,101.41,0.926,OK
M-101,2026-09-02 01:00:00,22.47,220.57,108.3,0.951,OK
M-101,2026-09-02 02:00:00,21.64,219.86,103.78,0.935,OK
M-101,2026-09-02 03:00:00,24.3,221.52,99.22,0.944,OK
M-101,2026-09-02 04:00:00,22.15,221.09,100.06,0.932,OK
M-101,2026-09-02 05:00:00,23.39,222.92,104.47,0.936,OK
M-101,2026-09-02 06:00:00,27.9,221.26,133.94,0.96,OK
M-101,2026-09-02 07:00:00,30.69,222.76,134.47,0.922,OK
M-101,2026-09-02 08:00:00,34.88,220.53,159.62,0.919,OK
M-101,2026-09-02 09:00:00,36.79,219.24,161.73,0.925,OK
M-101,2026-09-02 10:00:00,36.31,223.4,164.91,0.984,OK
M-101,2026-09-02 11:00:00,36.46,218.44,159.43,0.944,OK
M-101,2026-09-02 12:00:00,34.62,220.27,161.15,0.938,OK
M-101,2026-09-02 13:00:00,37.44,220.81,162.87,0.924,OK
M-101,2026-09-02 14:00:00,33.33,220.94,160.94,0.967,OK
M-101,2026-09-02 15:00:00,36.04,220.4,165.35,0.922,OK
M-101,2026-09-02 16:00:00,34.39,223.55,160.22,0.928,OK
M-101,2026-09-02 17:00:00,37.1,222.12,159.69,0.946,OK
M-101,2026-09-02 18:00:00,29.21,220.21,133.28,0.947,OK
M-101,2026-09-02 19:00:00,28.76,219.47,129.72,0.943,OK
M-101,2026-09-02 20:00:00,31.81,220.86,133.88,0.944,OK
M-101,2026-09-02 21:00:00,31.4,220.51,134.06,0.957,OK
M-101,2026-09-02 22:00:00,30.08,221.22,138.01,0.922,OK
M-101,2026-09-02 23:00:00,27.39,223.07,138.35,0.937,OK
M-101,2026-09-03 00:00:00,22.47,219.67,108.78,0.927,OK
M-101,2026-09-03 01:00:00,24.0,220.99,103.22,0.938,OK
M-101,2026-09-03 02:00:00,23.55,221.11,108.62,0.95,OK
M-101,2026-09-03 03:00:00,19.96,219.99,104.25,0.922,OK
M-101,2026-09-03 04:00:00,21.72,222.1,103.4,0.92,OK
M-101,2026-09-03 05:00:00,23.09,220.61,102.95,0.955,OK
M-101,2026-09-03 06:00:00,30.25,220.81,137.41,0.93,OK
M-101,2026-09-03 07:00:00,29.1,221.21,134.13,0.924,OK
M-101,2026-09-03 08:00:00,35.98,224.02,163.08,0.968,OK
M-101,2026-09-03 09:00:00,34.56,219.24,161.54,0.931,OK
M-101,2026-09-03 10:00:00,36.31,220.13,166.02,0.93,OK
M-101,2026-09-03 11:00:00,32.62,219.73,161.91,0.932,OK
M-101,2026-09-03 12:00:00,34.52,218.89,162.12,0.918,OK
M-101,2026-09-03 13:00:00,39.03,219.68,158.54,0.968,OK
M-101,2026-09-03 14:00:00,40.2,220.56,158.89,0.945,OK
M-101,2026-09-03 15:00:00,38.43,220.71,159.44,0.952,OK
M-101,2026-09-03 16:00:00,36.49,220.84,161.27,0.919,OK
M-101,2026-09-03 17:00:00,35.48,221.28,161.6,0.932,OK
M-101,2026-09-03 18:00:00,30.15,221.19,136.44,0.945,OK
M-101,2026-09-03 19:00:00,29.52,220.13,133.4,0.945,OK
M-101,2026-09-03 20:00:00,29.29,222.89,139.68,0.946,OK
M-101,2026-09-03 21:00:00,28.3,222.43,130.06,0.944,OK
M-101,2026-09-03 22:00:00,30.16,222.11,128.17,0.947,OK
M-101,2026-09-03 23:00:00,27.77,221.32,131.99,0.941,OK
M-101,2026-09-04 00:00:00,22.6,220.7,104.09,0.942,OK
M-101,2026-09-04 01:00:00,25.25,220.72,96.7,0.943,OK
M-101,2026-09-04 02:00:00,23.48,218.89,103.28,0.945,OK
M-101,2026-09-04 03:00:00,25.63,222.04,99.8,0.935,OK
M-101,2026-09-04 04:00:00,22.95,220.6,101.24,0.96,OK
M-101,2026-09-04 05:00:00,23.91,222.41,109.6,0.947,OK
M-101,2026-09-04 06:00:00,32.06,221.99,134.72,0.936,OK
M-101,2026-09-04 07:00:00,29.54,222.19,131.31,0.922,OK
M-101,2026-09-04 08:00:00,37.01,222.41,161.83,0.951,OK
M-101,2026-09-04 09:00:00,38.57,219.11,164.59,0.939,OK
M-101,2026-09-04 10:00:00,34.08,222.81,160.85,0.95,OK
M-101,2026-09-04 11:00:00,34.79,221.04,159.36,0.922,OK
M-101,2026-09-04 12:00:00,34.83,222.39,163.34,0.949,OK
M-101,2026-09-04 13:00:00,32.4,221.09,163.31,0.946,OK
M-101,2026-09-04 14:00:00,38.26,220.29,156.21,0.949,OK
M-101,2026-09-04 15:00:00,33.47,221.44,166.83,0.953,OK
M-101,2026-09-04 16:00:00,34.98,222.28,164.84,0.943,OK
M-101,2026-09-04 17:00:00,36.19,219.96,163.21,0.938,OK
M-101,2026-09-04 18:00:00,29.21,222.2,134.55,0.924,OK
M-101,2026-09-04 19:00:00,29.25,220.11,137.84,0.928,OK
M-101,2026-09-04 20:00:00,29.74,221.01,135.93,0.96,OK
M-101,2026-09-04 21:00:00,30.73,221.66,135.93,0.975,OK
M-101,2026-09-04 22:00:00,29.13,222.93,127.39,0.933,OK
M-101,2026-09-04 23:00:00,29.6,219.08,137.33,0.921,OK
M-101,2026-09-05 00:00:00,20.64,221.53,102.02,0.948,OK
M-101,2026-09-05 01:00:00,23.45,218.23,100.16,0.941,OK
M-101,2026-09-05 02:00:00,22.33,221.84,105.78,0.942,OK
M-101,2026-09-05 03:00:00,24.18,221.64,105.09,0.929,OK
M-101,2026-09-05 04:00:00,22.77,221.98,104.99,0.934,OK
M-101,2026-09-05 05:00:00,23.82,220.86,103.6,0.952,OK
M-101,2026-09-05 06:00:00,26.45,219.22,129.51,0.905,OK
M-101,2026-09-05 07:00:00,28.42,220.66,135.65,0.943,OK
M-101,2026-09-05 08:00:00,37.47,220.92,166.38,0.96,OK
M-101,2026-09-05 09:00:00,35.98,220.29,159.89,0.918,OK
M-101,2026-09-05 10:00:00,34.51,221.96,161.33,0.966,OK
M-101,2026-09-05 11:00:00,33.77,219.75,163.58,0.947,OK
M-101,2026-09-05 12:00:00,35.64,222.11,156.91,0.931,OK
M-101,2026-09-05 13:00:00,35.04,220.21,159.19,0.946,OK
M-101,2026-09-05 14:00:00,35.56,221.43,163.39,0.96,OK
M-101,2026-09-05 15:00:00,35.33,222.28,157.97,0.935,OK
M-101,2026-09-05 16:00:00,37.51,220.84,163.55,0.945,OK
M-101,2026-09-05 17:00:00,38.77,221.08,168.63,0.942,OK
M-101,2026-09-05 18:00:00,31.05,221.4,130.86,0.94,OK
M-101,2026-09-05 19:00:00,29.91,219.09,130.9,0.909,OK
M-101,2026-09-05 20:00:00,27.76,220.65,132.02,0.969,OK
M-101,2026-09-05 21:00:00,31.1,221.42,130.51,0.934,OK
M-101,2026-09-05 22:00:00,29.01,221.74,133.96,0.935,OK
M-101,2026-09-05 23:00:00,31.04,221.01,129.97,0.979,OK
M-101,2026-09-06 00:00:00,23.37,221.11,108.7,0.949,OK
M-101,2026-09-06 01:00:00,22.95,220.06,103.89,0.946,OK
M-101,2026-09-06 02:00:00,21.76,222.3,106.4,0.945,OK
M-101,2026-09-06 03:00:00,22.61,220.63,105.76,0.954,OK
M-101,2026-09-06 04:00:00,20.29,218.61,103.39,0.918,OK
M-101,2026-09-06 05:00:00,25.09,220.14,107.09,0.917,OK
M-101,2026-09-06 06:00:00,24.99,223.9,131.77,0.947,OK
M-101,2026-09-06 07:00:00,28.6,219.13,134.8,0.936,OK
M-101,2026-09-06 08:00:00,35.99,221.95,162.14,0.945,OK
M-101,2026-09-06 09:00:00,36.84,222.08,160.33,0.964,OK
M-101,2026-09-06 10:00:00,34.38,222.6,159.74,0.937,OK
M-101,2026-09-06 11:00:00,37.95,222.75,161.07,0.942,OK
M-101,2026-09-06 12:00:00,36.23,220.57,167.09,0.926,OK
M-101,2026-09-06 13:00:00,35.17,219.12,163.76,0.95,OK
M-101,2026-09-06 14:00:00,35.03,218.13,165.84,0.928,OK
M-101,2026-09-06 15:00:00,33.31,221.3,159.92,0.937,OK
M-101,2026-09-06 16:00:00,35.46,221.24,161.92,0.925,OK
M-101,2026-09-06 17:00:00,36.9,221.46,164.39,0.948,OK
M-101,2026-09-06 18:00:00,29.88,220.9,139.51,0.935,OK
M-101,2026-09-06 19:00:00,28.31,219.51,130.3,0.927,OK
M-101,2026-09-06 20:00:00,29.33,221.06,134.4,0.929,OK
M-101,2026-09-06 21:00:00,30.79,220.81,135.62,0.93,OK
M-101,2026-09-06 22:00:00,30.26,219.26,133.96,0.939,OK
M-101,2026-09-06 23:00:00,29.83,221.23,130.7,0.918,OK
M-101,2026-09-07 00:00:00,25.04,220.7,108.14,0.945,OK
M-101,2026-09-07 01:00:00,19.43,220.65,100.93,0.924,OK
M-101,2026-09-07 02:00:00,24.11,219.59,110.39,0.927,OK
M-101,2026-09-07 03:00:00,23.39,219.53,109.23,0.944,OK
M-101,2026-09-07 04:00:00,25.77,219.46,99.44,0.934,OK
M-101,2026-09-07 05:00:00,22.26,221.29,106.84,0.913,OK
M-101,2026-09-07 06:00:00,30.21,222.53,131.67,0.931,OK
M-101,2026-09-07 07:00:00,28.49,221.92,135.02,0.947,OK
M-101,2026-09-07 08:00:00,33.31,219.76,164.01,0.944,OK
M-101,2026-09-07 09:00:00,33.7,220.03,163.74,0.921,OK
M-101,2026-09-07 10:00:00,36.91,220.26,163.12,0.962,OK
M-101,2026-09-07 11:00:00,35.18,221.32,162.5,0.931,OK
M-101,2026-09-07 12:00:00,36.55,220.51,160.8,0.96,OK
M-101,2026-09-07 13:00:00,34.28,222.93,155.16,0.978,OK
M-101,2026-09-07 14:00:00,35.23,220.63,156.59,0.936,OK
M-101,2026-09-07 15:00:00,35.56,221.7,159.06,0.948,OK
M-101,2026-09-07 16:00:00,33.6,223.46,164.5,0.943,OK
M-101,2026-09-07 17:00:00,35.33,221.74,161.97,0.914,OK
M-101,2026-09-07 18:00:00,29.69,223.22,132.23,0.937,OK
M-101,2026-09-07 19:00:00,31.94,221.7,130.09,0.945,OK
M-101,2026-09-07 20:00:00,28.14,222.46,133.93,0.935,OK
M-101,2026-09-07 21:00:00,26.9,219.92,133.35,0.935,OK
M-101,2026-09-07 22:00:00,29.32,219.06,128.28,0.947,OK
M-101,2026-09-07 23:00:00,28.66,221.94,125.71,0.944,OK
M-101,2026-09-08 00:00:00,21.97,222.0,100.45,0.945,OK
M-101,2026-09-08 01:00:00,26.61,221.47,105.66,0.937,OK
M-101,2026-09-08 02:00:00,24.27,222.5,106.28,0.932,OK
M-101,2026-09-08 03:00:00,22.39,221.95,102.96,0.962,OK
M-101,2026-09-08 04:00:00,22.35,221.38,103.13,0.936,OK
M-101,2026-09-08 05:00:00,24.47,220.01,97.64,0.928,OK
M-101,2026-09-08 06:00:00,25.96,219.9,130.51,0.937,OK
M-101,2026-09-08 07:00:00,31.11,219.76,132.66,0.939,OK
M-101,2026-09-08 08:00:00,37.41,219.91,159.47,0.948,OK
M-101,2026-09-08 09:00:00,35.51,220.98,164.34,0.951,OK
M-101,2026-09-08 10:00:00,34.29,220.75,162.36,0.922,OK
M-101,2026-09-08 11:00:00,33.49,220.58,164.46,0.925,OK
M-101,2026-09-08 12:00:00,35.7,218.26,165.78,0.918,OK
M-101,2026-09-08 13:00:00,34.46,221.34,166.78,0.952,OK
M-101,2026-09-08 14:00:00,34.13,221.54,159.04,0.941,OK
M-101,2026-09-08 15:00:00,36.66,221.33,161.84,0.942,OK
M-101,2026-09-08 16:00:00,37.01,219.06,164.82,0.906,OK
M-101,2026-09-08 17:00:00,37.34,219.78,165.96,0.912,OK
M-101,2026-09-08 18:00:00,29.59,223.16,136.19,0.948,OK
M-101,2026-09-08 19:00:00,28.88,221.01,130.72,0.936,OK
M-101,2026-09-08 20:00:00,27.92,223.14,139.55,0.957,OK
M-101,2026-09-08 21:00:00,28.06,221.77,135.97,0.947,OK
M-101,2026-09-08 22:00:00,31.31,221.89,135.31,0.95,OK
M-101,2026-09-08 23:00:00,29.95,221.1,128.05,0.932,OK
M-101,2026-09-09 00:00:00,21.12,223.07,109.45,0.96,OK
M-101,2026-09-09 01:00:00,23.42,221.01,108.45,0.943,OK
M-101,2026-09-09 02:00:00,21.4,221.07,105.59,0.92,OK
M-101,2026-09-09 03:00:00,22.96,223.16,104.16,0.953,OK
M-101,2026-09-09 04:00:00,23.06,221.05,105.15,0.937,OK
M-101,2026-09-09 05:00:00,21.42,220.1,103.95,0.921,OK
M-101,2026-09-09 06:00:00,30.21,218.86,134.57,0.938,OK
M-101,2026-09-09 07:00:00,30.93,222.23,136.58,0.941,OK
M-101,2026-09-09 08:00:00,34.57,221.41,159.15,0.946,OK
M-101,2026-09-09 09:00:00,37.77,220.84,165.7,0.921,OK
M-101,2026-09-09 10:00:00,35.36,220.76,163.05,0.931,OK
M-101,2026-09-09 11:00:00,36.22,220.25,160.89,0.945,OK
M-101,2026-09-09 12:00:00,35.24,221.33,163.13,0.923,OK
M-101,2026-09-09 13:00:00,35.12,219.61,166.71,0.908,OK
M-101,2026-09-09 14:00:00,33.05,221.04,162.49,0.938,OK
M-101,2026-09-09 15:00:00,37.66,221.48,154.38,0.963,OK
M-101,2026-09-09 16:00:00,34.15,220.1,161.26,0.927,OK
M-101,2026-09-09 17:00:00,35.35,223.2,166.68,0.935,OK
M-101,2026-09-09 18:00:00,32.3,223.1,133.51,0.939,OK
M-101,2026-09-09 19:00:00,29.64,224.81,134.5,0.953,OK
M-101,2026-09-09 20:00:00,28.38,220.57,136.31,0.933,OK
M-101,2026-09-09 21:00:00,30.8,221.33,133.49,0.94,OK
M-101,2026-09-09 22:00:00,29.94,218.68,134.67,0.95,OK
M-101,2026-09-09 23:00:00,27.97,220.93,129.07,0.941,OK
M-101,2026-09-10 00:00:00,22.0,219.39,106.89,0.934,OK
M-101,2026-09-10 01:00:00,22.16,221.33,104.26,0.925,OK
M-101,2026-09-10 02:00:00,24.13,218.73,104.59,0.911,OK
M-101,2026-09-10 03:00:00,23.02,220.88,103.74,0.94,OK
M-101,2026-09-10 04:00:00,23.38,219.67,107.24,0.922,OK
M-101,2026-09-10 05:00:00,21.4,222.49,105.27,0.934,OK
M-101,2026-09-10 06:00:00,25.69,220.0,128.29,0.932,OK
M-101,2026-09-10 07:00:00,28.83,220.63,133.52,0.956,OK
M-101,2026-09-10 08:00:00,34.83,221.57,159.81,0.917,OK
M-101,2026-09-10 09:00:00,36.42,220.82,162.71,0.964,OK
M-101,2026-09-10 10:00:00,34.91,220.73,168.58,0.921,OK
M-101,2026-09-10 11:00:00,35.94,220.1,159.17,0.946,OK
M-101,2026-09-10 12:00:00,36.67,222.18,160.53,0.957,OK
M-101,2026-09-10 13:00:00,37.99,222.64,163.99,0.912,OK
M-101,2026-09-10 14:00:00,35.36,221.14,159.8,0.931,OK
M-101,2026-09-10 15:00:00,35.59,220.8,168.05,0.946,OK
M-101,2026-09-10 16:00:00,35.49,221.01,162.63,0.947,OK
M-101,2026-09-10 17:00:00,37.59,221.37,167.34,0.949,OK
M-101,2026-09-10 18:00:00,27.71,222.13,133.14,0.953,OK
M-101,2026-09-10 19:00:00,29.76,221.59,136.06,0.958,OK
M-101,2026-09-10 20:00:00,29.87,221.4,132.33,0.896,OK
M-101,2026-09-10 21:00:00,30.01,218.93,122.45,0.947,OK
M-101,2026-09-10 22:00:00,30.16,220.15,129.91,0.961,OK
M-101,2026-09-10 23:00:00,28.71,221.0,140.13,0.946,OK
M-101,2026-09-11 00:00:00,25.47,219.8,104.79,0.938,OK
M-101,2026-09-11 01:00:00,22.99,220.69,100.31,0.929,OK
M-101,2026-09-11 02:00:00,24.43,220.66,104.5,0.938,OK
M-101,2026-09-11 03:00:00,23.37,219.8,106.25,0.924,OK
M-101,2026-09-11 04:00:00,24.7,219.3,103.16,0.947,OK
M-101,2026-09-11 05:00:00,23.74,221.28,99.81,0.951,OK
M-101,2026-09-11 06:00:00,30.0,219.31,135.3,0.945,OK
M-101,2026-09-11 07:00:00,28.99,222.04,131.95,0.962,OK
M-101,2026-09-11 08:00:00,38.53,220.87,166.34,0.945,OK
M-101,2026-09-11 09:00:00,36.99,221.16,162.76,0.952,OK
M-101,2026-09-11 10:00:00,35.75,220.5,160.21,0.95,OK
M-101,2026-09-11 11:00:00,35.84,221.8,163.42,0.934,OK
M-101,2026-09-11 12:00:00,36.97,219.52,163.54,0.962,OK
M-101,2026-09-11 13:00:00,35.09,219.75,157.43,0.925,OK
M-101,2026-09-11 14:00:00,35.92,220.6,161.58,0.949,OK
M-101,2026-09-11 15:00:00,36.35,221.49,163.35,0.949,OK
M-101,2026-09-11 16:00:00,32.68,218.38,161.31,0.941,OK
M-101,2026-09-11 17:00:00,35.83,222.43,165.54,0.943,OK
M-101,2026-09-11 18:00:00,28.69,220.37,134.86,0.94,OK
M-101,2026-09-11 19:00:00,30.92,221.97,131.73,0.95,OK
M-101,2026-09-11 20:00:00,28.01,221.84,136.32,0.942,OK
M-101,2026-09-11 21:00:00,28.3,220.35,130.82,0.948,OK
M-101,2026-09-11 22:00:00,28.01,219.51,134.71,0.937,OK
M-101,2026-09-11 23:00:00,29.6,219.35,140.74,0.962,OK
M-101,2026-09-12 00:00:00,23.26,221.14,105.63,0.947,OK
M-101,2026-09-12 01:00:00,22.81,220.45,108.76,0.957,OK
M-101,2026-09-12 02:00:00,22.07,219.71,104.22,0.947,OK
M-101,2026-09-12 03:00:00,25.21,220.76,104.17,0.923,OK
M-101,2026-09-12 04:00:00,22.7,219.9,99.62,0.943,OK
M-101,2026-09-12 05:00:00,25.02,220.3,112.83,0.962,OK
M-101,2026-09-12 06:00:00,29.81,221.52,132.95,0.941,OK
M-101,2026-09-12 07:00:00,29.61,219.32,132.18,0.917,OK
M-101,2026-09-12 08:00:00,36.82,220.28,161.57,0.94,OK
M-101,2026-09-12 09:00:00,37.03,220.21,162.94,0.958,OK
M-101,2026-09-12 10:00:00,38.21,222.17,163.88,0.959,OK
M-101,2026-09-12 11:00:00,37.54,221.72,164.24,0.948,OK
M-101,2026-09-12 12:00:00,34.19,219.37,164.5,0.928,OK
M-101,2026-09-12 13:00:00,37.8,222.78,164.92,0.936,OK
M-101,2026-09-12 14:00:00,34.11,221.12,161.68,0.941,OK
M-101,2026-09-12 15:00:00,37.54,221.42,161.32,0.925,OK
M-101,2026-09-12 16:00:00,36.52,220.1,162.41,0.936,OK
M-101,2026-09-12 17:00:00,35.56,223.13,161.59,0.939,OK
M-101,2026-09-12 18:00:00,29.07,219.93,127.11,0.936,OK
M-101,2026-09-12 19:00:00,28.41,220.8,137.55,0.959,OK
M-101,2026-09-12 20:00:00,29.53,220.89,133.51,0.94,OK
M-101,2026-09-12 21:00:00,32.02,218.6,126.44,0.932,OK
M-101,2026-09-12 22:00:00,29.46,221.57,135.47,0.934,OK
M-101,2026-09-12 23:00:00,30.97,221.22,136.49,0.954,OK
M-101,2026-09-13 00:00:00,23.45,221.84,102.72,0.942,OK
M-101,2026-09-13 01:00:00,23.04,218.06,108.82,0.919,OK
M-101,2026-09-13 02:00:00,21.26,220.69,103.31,0.917,OK
M-101,2026-09-13 03:00:00,21.56,223.95,101.82,0.967,OK
M-101,2026-09-13 04:00:00,22.42,219.62,103.31,0.911,OK
M-101,2026-09-13 05:00:00,22.86,220.9,101.41,0.916,OK
M-101,2026-09-13 06:00:00,28.3,221.44,133.85,0.946,OK
M-101,2026-09-13 07:00:00,27.46,220.04,135.96,0.949,OK
M-101,2026-09-13 08:00:00,35.82,220.62,158.27,0.945,OK
M-101,2026-09-13 09:00:00,36.76,222.84,161.98,0.955,OK
M-101,2026-09-13 10:00:00,35.46,223.32,164.65,0.969,OK
M-101,2026-09-13 11:00:00,34.0,222.78,159.62,0.924,OK
M-101,2026-09-13 12:00:00,33.86,221.5,160.94,0.938,OK
M-101,2026-09-13 13:00:00,34.86,220.15,160.38,0.927,OK
M-101,2026-09-13 14:00:00,39.26,222.06,163.29,0.933,OK
M-101,2026-09-13 15:00:00,35.56,217.82,160.26,0.919,OK
M-101,2026-09-13 16:00:00,33.12,219.57,155.65,0.96,OK
M-101,2026-09-13 17:00:00,35.77,221.49,166.27,0.952,OK
M-101,2026-09-13 18:00:00,28.09,221.87,134.97,0.931,OK
M-101,2026-09-13 19:00:00,30.28,220.34,135.1,0.923,OK
M-101,2026-09-13 20:00:00,27.66,221.39,133.66,0.928,OK
M-101,2026-09-13 21:00:00,29.48,221.74,135.11,0.963,OK
M-101,2026-09-13 22:00:00,31.36,223.02,130.4,0.932,OK
M-101,2026-09-13 23:00:00,31.01,220.51,133.6,0.913,OK
M-101,2026-09-14 00:00:00,22.78,222.16,99.72,0.963,OK
M-101,2026-09-14 01:00:00,21.84,220.13,105.31,0.931,OK
M-101,2026-09-14 02:00:00,24.2,223.09,104.28,0.933,OK
M-101,2026-09-14 03:00:00,24.54,221.95,104.69,0.933,OK
M-101,2026-09-14 04:00:00,22.97,220.0,104.05,0.95,OK
M-101,2026-09-14 05:00:00,24.02,222.84,106.18,0.962,OK
M-101,2026-09-14 06:00:00,28.88,220.25,134.52,0.94,OK
M-101,2026-09-14 07:00:00,28.54,221.44,138.26,0.937,OK
M-101,2026-09-14 08:00:00,37.63,218.58,155.89,0.952,OK
M-101,2026-09-14 09:00:00,35.93,219.41,163.15,0.94,OK
M-101,2026-09-14 10:00:00,38.85,221.2,164.87,0.933,OK
M-101,2026-09-14 11:00:00,35.25,221.31,156.01,0.953,OK
M-101,2026-09-14 12:00:00,33.48,219.61,160.42,0.926,OK
M-101,2026-09-14 13:00:00,35.92,221.74,156.15,0.951,OK
M-101,2026-09-14 14:00:00,35.46,219.8,154.96,0.958,OK
M-101,2026-09-14 15:00:00,31.67,219.58,161.36,0.952,OK
M-101,2026-09-14 16:00:00,34.83,221.68,163.61,0.968,OK
M-101,2026-09-14 17:00:00,35.54,219.22,163.53,0.958,OK
M-101,2026-09-14 18:00:00,28.3,220.97,131.72,0.917,OK
M-101,2026-09-14 19:00:00,29.78,221.35,136.3,0.916,OK
M-101,2026-09-14 20:00:00,29.25,218.75,135.63,0.924,OK
M-101,2026-09-14 21:00:00,30.75,221.49,134.21,0.968,OK
M-101,2026-09-14 22:00:00,30.14,224.25,135.37,0.937,OK
M-101,2026-09-14 23:00:00,28.24,221.53,134.68,0.932,OK
M-102,2026-09-01 00:00:00,29.82,220.39,149.49,0.919,OK
M-102,2026-09-01 01:00:00,33.33,219.7,142.23,0.938,OK
M-102,2026-09-01 02:00:00,29.35,222.3,143.62,0.937,OK
M-102,2026-09-01 03:00:00,31.0,219.51,141.04,0.926,OK
M-102,2026-09-01 04:00:00,31.0,217.92,145.31,0.943,OK
M-102,2026-09-01 05:00:00,31.0,218.65,143.69,0.95,OK
M-102,2026-09-01 06:00:00,42.72,218.18,185.04,0.942,OK
M-102,2026-09-01 07:00:00,41.21,219.97,177.34,0.935,OK
M-102,2026-09-01 08:00:00,50.28,220.35,222.29,0.952,OK
M-102,2026-09-01 09:00:00,51.49,219.62,213.16,0.928,OK
M-102,2026-09-01 10:00:00,46.13,221.5,222.04,0.914,OK
M-102,2026-09-01 11:00:00,49.89,219.19,219.01,0.952,OK
M-102,2026-09-01 12:00:00,48.3,217.75,223.15,0.958,OK
M-102,2026-09-01 13:00:00,50.36,220.69,221.21,0.909,OK
M-102,2026-09-01 14:00:00,51.41,219.76,220.79,0.923,OK
M-102,2026-09-01 15:00:00,48.23,220.31,223.84,0.94,OK
M-102,2026-09-01 16:00:00,49.26,219.5,223.3,0.963,OK
M-102,2026-09-01 17:00:00,46.46,221.64,225.54,0.917,OK
M-102,2026-09-01 18:00:00,44.49,221.17,185.15,0.93,OK
M-102,2026-09-01 19:00:00,40.09,220.47,181.53,0.951,OK
M-102,2026-09-01 20:00:00,40.81,220.99,179.43,0.944,OK
M-102,2026-09-01 21:00:00,41.66,219.67,184.4,0.916,OK
M-102,2026-09-01 22:00:00,38.92,220.28,177.25,0.929,OK
M-102,2026-09-01 23:00:00,39.69,218.5,173.29,0.947,OK
M-102,2026-09-02 00:00:00,30.48,218.33,143.64,0.952,OK
M-102,2026-09-02 01:00:00,31.42,222.79,143.43,0.953,OK
M-102,2026-09-02 02:00:00,31.13,219.61,140.78,0.938,OK
M-102,2026-09-02 03:00:00,31.49,221.76,141.37,0.928,OK
M-102,2026-09-02 04:00:00,35.82,222.14,142.83,0.935,OK
M-102,2026-09-02 05:00:00,33.41,218.98,140.39,0.937,OK
M-102,2026-09-02 06:00:00,42.26,218.46,182.28,0.91,OK
M-102,2026-09-02 07:00:00,37.91,220.13,176.86,0.947,OK
M-102,2026-09-02 08:00:00,49.26,219.77,214.98,0.928,OK
M-102,2026-09-02 09:00:00,53.05,219.53,217.39,0.956,OK
M-102,2026-09-02 10:00:00,50.09,220.14,223.45,0.935,OK
M-102,2026-09-02 11:00:00,50.68,221.05,219.33,0.909,OK
M-102,2026-09-02 12:00:00,49.87,219.26,222.3,0.93,OK
M-102,2026-09-02 13:00:00,48.16,219.58,218.54,0.913,OK
M-102,2026-09-02 14:00:00,49.86,220.85,218.31,0.912,OK
M-102,2026-09-02 15:00:00,48.26,221.59,219.89,0.935,OK
M-102,2026-09-02 16:00:00,48.9,217.47,223.26,0.929,OK
M-102,2026-09-02 17:00:00,52.88,220.08,222.16,0.938,OK
M-102,2026-09-02 18:00:00,42.09,217.98,176.17,0.933,OK
M-102,2026-09-02 19:00:00,39.19,219.62,186.1,0.901,OK
M-102,2026-09-02 20:00:00,38.2,219.72,173.91,0.927,OK
M-102,2026-09-02 21:00:00,39.72,221.44,185.4,0.927,OK
M-102,2026-09-02 22:00:00,36.64,220.67,184.01,0.935,OK
M-102,2026-09-02 23:00:00,42.25,222.41,178.67,0.916,OK
M-102,2026-09-03 00:00:00,33.03,218.88,137.5,0.953,OK
M-102,2026-09-03 01:00:00,31.21,220.28,145.08,0.928,OK
M-102,2026-09-03 02:00:00,34.13,217.86,141.85,0.918,OK
M-102,2026-09-03 03:00:00,32.67,218.12,143.75,0.919,OK
M-102,2026-09-03 04:00:00,30.63,218.35,141.46,0.921,OK
M-102,2026-09-03 05:00:00,30.37,220.97,144.87,0.928,OK
M-102,2026-09-03 06:00:00,39.77,219.02,182.58,0.913,OK
M-102,2026-09-03 07:00:00,38.79,218.6,180.26,0.932,OK
M-102,2026-09-03 08:00:00,50.59,220.03,217.0,0.927,OK
M-102,2026-09-03 09:00:00,49.89,218.26,221.72,0.911,OK
M-102,2026-09-03 10:00:00,49.33,217.34,224.85,0.935,OK
M-102,2026-09-03 11:00:00,51.42,220.66,221.3,0.919,OK
M-102,2026-09-03 12:00:00,49.07,217.19,216.9,0.944,OK
M-102,2026-09-03 13:00:00,47.51,218.34,220.39,0.909,OK
M-102,2026-09-03 14:00:00,48.97,220.45,219.57,0.937,OK
M-102,2026-09-03 15:00:00,49.86,221.89,222.48,0.914,OK
M-102,2026-09-03 16:00:00,49.18,221.52,225.16,0.909,OK
M-102,2026-09-03 17:00:00,48.72,220.61,225.83,0.933,OK
M-102,2026-09-03 18:00:00,40.09,220.35,181.01,0.926,OK
M-102,2026-09-03 19:00:00,40.4,219.19,182.4,0.938,OK
M-102,2026-09-03 20:00:00,45.73,220.39,176.83,0.919,OK
M-102,2026-09-03 21:00:00,41.52,220.91,182.3,0.948,OK
M-102,2026-09-03 22:00:00,40.83,217.19,185.56,0.954,OK
M-102,2026-09-03 23:00:00,41.16,218.54,185.39,0.918,OK
M-102,2026-09-04 00:00:00,31.94,220.34,142.51,0.946,OK
M-102,2026-09-04 01:00:00,28.5,220.01,145.48,0.927,OK
M-102,2026-09-04 02:00:00,29.03,217.1,144.07,0.94,OK
M-102,2026-09-04 03:00:00,28.99,219.86,142.72,0.948,OK
M-102,2026-09-04 04:00:00,31.36,219.39,140.48,0.949,OK
M-102,2026-09-04 05:00:00,32.65,219.72,141.4,0.906,OK
M-102,2026-09-04 06:00:00,41.18,220.9,176.88,0.932,OK
M-102,2026-09-04 07:00:00,44.78,219.88,178.86,0.957,OK
M-102,2026-09-04 08:00:00,51.42,220.27,219.67,0.93,OK
M-102,2026-09-04 09:00:00,49.79,219.89,219.66,0.906,OK
M-102,2026-09-04 10:00:00,49.52,219.73,223.11,0.906,OK
M-102,2026-09-04 11:00:00,51.06,219.13,222.85,0.926,OK
M-102,2026-09-04 12:00:00,46.58,219.35,218.68,0.948,OK
M-102,2026-09-04 13:00:00,48.13,219.35,223.68,0.934,OK
M-102,2026-09-04 14:00:00,49.03,219.36,224.38,0.906,OK
M-102,2026-09-04 15:00:00,46.79,218.5,220.16,0.936,OK
M-102,2026-09-04 16:00:00,48.44,217.91,228.88,0.933,OK
M-102,2026-09-04 17:00:00,47.25,220.17,220.28,0.895,OK
M-102,2026-09-04 18:00:00,40.91,219.46,187.87,0.934,OK
M-102,2026-09-04 19:00:00,42.32,219.3,181.67,0.896,OK
M-102,2026-09-04 20:00:00,41.63,218.78,181.82,0.932,OK
M-102,2026-09-04 21:00:00,39.43,220.73,180.57,0.91,OK
M-102,2026-09-04 22:00:00,42.37,219.2,177.97,0.959,OK
M-102,2026-09-04 23:00:00,42.51,218.87,182.45,0.922,OK
M-102,2026-09-05 00:00:00,31.81,219.89,142.67,0.93,OK
M-102,2026-09-05 01:00:00,31.29,219.38,138.23,0.944,OK
M-102,2026-09-05 02:00:00,29.22,219.02,141.99,0.932,OK
M-102,2026-09-05 03:00:00,30.98,220.61,146.99,0.91,OK
M-102,2026-09-05 04:00:00,32.89,219.31,140.24,0.935,OK
M-102,2026-09-05 05:00:00,30.79,219.07,145.24,0.921,OK
M-102,2026-09-05 06:00:00,39.3,221.32,180.46,0.939,OK
M-102,2026-09-05 07:00:00,43.56,218.76,188.96,0.931,OK
M-102,2026-09-05 08:00:00,47.16,219.24,219.43,0.914,OK
M-102,2026-09-05 09:00:00,47.39,218.54,221.33,0.943,OK
M-102,2026-09-05 10:00:00,47.63,219.46,230.19,0.931,OK
M-102,2026-09-05 11:00:00,46.95,221.34,226.88,0.934,OK
M-102,2026-09-05 12:00:00,46.86,218.65,222.39,0.952,OK
M-102,2026-09-05 13:00:00,50.74,217.08,222.05,0.915,OK
M-102,2026-09-05 14:00:00,50.52,221.33,225.4,0.906,OK
M-102,2026-09-05 15:00:00,49.82,218.01,224.81,0.93,OK
M-102,2026-09-05 16:00:00,49.77,217.78,220.86,0.925,OK
M-102,2026-09-05 17:00:00,48.69,219.32,221.32,0.923,OK
M-102,2026-09-05 18:00:00,40.41,219.63,183.49,0.924,OK
M-102,2026-09-05 19:00:00,40.65,220.57,176.4,0.93,OK
M-102,2026-09-05 20:00:00,40.55,217.66,185.04,0.9,OK
M-102,2026-09-05 21:00:00,40.97,220.2,182.14,0.923,OK
M-102,2026-09-05 22:00:00,41.68,220.58,184.96,0.926,OK
M-102,2026-09-05 23:00:00,36.69,221.47,184.47,0.94,OK
M-102,2026-09-06 00:00:00,30.1,221.03,144.58,0.953,OK
M-102,2026-09-06 01:00:00,30.1,220.9,141.88,0.931,OK
M-102,2026-09-06 02:00:00,29.67,220.69,143.8,0.931,OK
M-102,2026-09-06 03:00:00,32.08,221.77,141.78,0.916,OK
M-102,2026-09-06 04:00:00,30.62,221.05,142.59,0.908,OK
M-102,2026-09-06 05:00:00,29.32,220.04,136.45,0.913,OK
M-102,2026-09-06 06:00:00,39.79,219.23,184.14,0.933,OK
M-102,2026-09-06 07:00:00,39.94,220.57,184.18,0.92,OK
M-102,2026-09-06 08:00:00,48.98,220.47,224.89,0.909,OK
M-102,2026-09-06 09:00:00,50.46,221.7,218.51,0.945,OK
M-102,2026-09-06 10:00:00,49.8,219.75,222.23,0.94,OK
M-102,2026-09-06 11:00:00,48.61,221.05,222.47,0.922,OK
M-102,2026-09-06 12:00:00,48.17,218.72,218.18,0.903,OK
M-102,2026-09-06 13:00:00,50.59,221.71,227.19,0.906,OK
M-102,2026-09-06 14:00:00,50.58,219.45,226.03,0.932,OK
M-102,2026-09-06 15:00:00,45.67,218.72,222.56,0.933,OK
M-102,2026-09-06 16:00:00,46.47,221.23,223.39,0.918,OK
M-102,2026-09-06 17:00:00,47.23,219.68,215.29,0.921,OK
M-102,2026-09-06 18:00:00,37.69,219.46,183.52,0.914,OK
M-102,2026-09-06 19:00:00,39.48,220.72,185.37,0.928,OK
M-102,2026-09-06 20:00:00,41.59,220.04,178.68,0.932,OK
M-102,2026-09-06 21:00:00,39.63,219.06,183.47,0.938,OK
M-102,2026-09-06 22:00:00,41.47,221.43,173.41,0.884,OK
M-102,2026-09-06 23:00:00,39.37,219.62,185.24,0.908,OK
M-102,2026-09-07 00:00:00,29.71,217.69,145.64,0.947,OK
M-102,2026-09-07 01:00:00,31.58,219.3,138.98,0.915,OK
M-102,2026-09-07 02:00:00,33.24,217.94,144.76,0.924,OK
M-102,2026-09-07 03:00:00,30.13,218.38,146.44,0.954,OK
M-102,2026-09-07 04:00:00,31.62,219.19,139.07,0.918,OK
M-102,2026-09-07 05:00:00,29.39,218.53,142.84,0.897,OK
M-102,2026-09-07 06:00:00,39.8,219.1,176.75,0.916,OK
M-102,2026-09-07 07:00:00,38.91,220.07,188.16,0.934,OK
M-102,2026-09-07 08:00:00,46.08,220.26,219.8,0.915,OK
M-102,2026-09-07 09:00:00,50.91,219.66,218.15,0.921,OK
M-102,2026-09-07 10:00:00,49.58,219.67,219.84,0.926,OK
M-102,2026-09-07 11:00:00,47.96,220.29,223.22,0.929,OK
M-102,2026-09-07 12:00:00,48.51,219.72,224.15,0.925,OK
M-102,2026-09-07 13:00:00,49.47,218.39,226.85,0.942,OK
M-102,2026-09-07 14:00:00,45.87,221.89,222.41,0.937,OK
M-102,2026-09-07 15:00:00,49.59,220.04,220.08,0.926,OK
M-102,2026-09-07 16:00:00,47.87,220.24,220.89,0.918,OK
M-102,2026-09-07 17:00:00,47.83,220.47,217.68,0.938,OK
M-102,2026-09-07 18:00:00,40.9,220.11,185.06,0.936,OK
M-102,2026-09-07 19:00:00,41.03,219.36,181.89,0.963,OK
M-102,2026-09-07 20:00:00,39.67,220.52,180.16,0.934,OK
M-102,2026-09-07 21:00:00,37.95,219.89,185.53,0.913,OK
M-102,2026-09-07 22:00:00,42.62,218.48,184.04,0.957,OK
M-102,2026-09-07 23:00:00,41.67,221.91,182.13,0.932,OK
M-102,2026-09-08 00:00:00,31.63,220.7,140.58,0.937,OK
M-102,2026-09-08 01:00:00,31.71,220.16,140.19,0.929,OK
M-102,2026-09-08 02:00:00,29.28,220.68,138.14,0.891,OK
M-102,2026-09-08 03:00:00,32.05,221.57,141.13,0.923,OK
M-102,2026-09-08 04:00:00,32.87,220.14,141.37,0.941,OK
M-102,2026-09-08 05:00:00,30.85,218.81,145.55,0.934,OK
M-102,2026-09-08 06:00:00,42.14,222.3,184.14,0.919,OK
M-102,2026-09-08 07:00:00,38.0,220.79,179.18,0.937,OK
M-102,2026-09-08 08:00:00,49.46,220.92,218.39,0.912,OK
M-102,2026-09-08 09:00:00,51.37,220.44,230.33,0.939,OK
M-102,2026-09-08 10:00:00,48.39,219.28,216.33,0.914,OK
M-102,2026-09-08 11:00:00,46.68,220.33,226.93,0.936,OK
M-102,2026-09-08 12:00:00,48.72,221.16,221.24,0.93,OK
M-102,2026-09-08 13:00:00,50.24,219.59,221.17,0.909,OK
M-102,2026-09-08 14:00:00,45.72,220.07,220.98,0.911,OK
M-102,2026-09-08 15:00:00,49.22,217.41,221.92,0.916,OK
M-102,2026-09-08 16:00:00,50.01,218.62,222.92,0.932,OK
M-102,2026-09-08 17:00:00,51.12,219.89,224.09,0.923,OK
M-102,2026-09-08 18:00:00,39.35,220.23,183.56,0.939,OK
M-102,2026-09-08 19:00:00,40.72,220.11,184.62,0.942,OK
M-102,2026-09-08 20:00:00,42.05,217.83,179.75,0.953,OK
M-102,2026-09-08 21:00:00,40.94,219.14,177.02,0.942,OK
M-102,2026-09-08 22:00:00,39.98,221.68,180.62,0.914,OK
M-102,2026-09-08 23:00:00,39.04,220.47,182.79,0.937,OK
M-102,2026-09-09 00:00:00,33.32,220.59,143.16,0.926,OK
M-102,2026-09-09 01:00:00,31.79,220.26,142.88,0.942,OK
M-102,2026-09-09 02:00:00,32.68,219.03,142.69,0.931,OK
M-102,2026-09-09 03:00:00,31.63,222.65,143.14,0.922,OK
M-102,2026-09-09 04:00:00,32.44,220.12,145.77,0.965,OK
M-102,2026-09-09 05:00:00,31.0,219.04,143.53,0.925,OK
M-102,2026-09-09 06:00:00,40.93,220.38,184.7,0.949,OK
M-102,2026-09-09 07:00:00,40.31,223.24,181.16,0.936,OK
M-102,2026-09-09 08:00:00,47.98,218.87,219.68,0.944,OK
M-102,2026-09-09 09:00:00,48.62,219.92,222.14,0.941,OK
M-102,2026-09-09 10:00:00,47.76,220.27,218.53,0.939,OK
M-102,2026-09-09 11:00:00,49.88,220.81,219.33,0.919,OK
M-102,2026-09-09 12:00:00,48.34,221.56,218.93,0.94,OK
M-102,2026-09-09 13:00:00,50.37,223.38,225.5,0.904,OK
M-102,2026-09-09 14:00:00,47.95,218.98,219.91,0.914,OK
M-102,2026-09-09 15:00:00,48.74,220.4,218.11,0.931,OK
M-102,2026-09-09 16:00:00,50.15,220.72,223.28,0.924,OK
M-102,2026-09-09 17:00:00,53.1,217.77,222.46,0.915,OK
M-102,2026-09-09 18:00:00,37.35,219.85,182.21,0.923,OK
M-102,2026-09-09 19:00:00,44.1,220.87,183.81,0.916,OK
M-102,2026-09-09 20:00:00,38.68,220.21,182.27,0.902,OK
M-102,2026-09-09 21:00:00,40.16,219.74,182.2,0.918,OK
M-102,2026-09-09 22:00:00,39.51,220.11,181.63,0.939,OK
M-102,2026-09-09 23:00:00,42.43,219.45,181.28,0.937,OK
M-102,2026-09-10 00:00:00,32.78,220.95,141.26,0.945,OK
M-102,2026-09-10 01:00:00,34.01,218.96,147.89,0.93,OK
M-102,2026-09-10 02:00:00,31.7,219.22,142.27,0.908,OK
M-102,2026-09-10 03:00:00,31.85,220.1,140.25,0.918,OK
M-102,2026-09-10 04:00:00,29.7,220.18,143.26,0.939,OK
M-102,2026-09-10 05:00:00,35.61,220.58,143.39,0.914,OK
M-102,2026-09-10 06:00:00,38.16,218.89,186.91,0.914,OK
M-102,2026-09-10 07:00:00,40.41,218.92,181.89,0.925,OK
M-102,2026-09-10 08:00:00,51.49,218.33,219.34,0.944,OK
M-102,2026-09-10 09:00:00,50.17,218.1,219.9,0.919,OK
M-102,2026-09-10 10:00:00,49.18,218.76,225.26,0.929,OK
M-102,2026-09-10 11:00:00,50.5,221.24,214.62,0.912,OK
M-102,2026-09-10 12:00:00,49.88,221.3,222.5,0.938,OK
M-102,2026-09-10 13:00:00,45.0,220.17,219.41,0.927,OK
M-102,2026-09-10 14:00:00,50.14,220.73,224.13,0.927,OK
M-102,2026-09-10 15:00:00,45.96,220.5,220.39,0.914,OK
M-102,2026-09-10 16:00:00,50.42,220.15,224.49,0.884,OK
M-102,2026-09-10 17:00:00,46.98,219.34,227.42,0.9,OK
M-102,2026-09-10 18:00:00,42.7,221.33,182.2,0.934,OK
M-102,2026-09-10 19:00:00,41.31,220.84,183.25,0.964,OK
M-102,2026-09-10 20:00:00,42.23,220.54,177.42,0.947,OK
M-102,2026-09-10 21:00:00,42.64,221.4,180.88,0.944,OK
M-102,2026-09-10 22:00:00,45.11,219.39,179.91,0.925,OK
M-102,2026-09-10 23:00:00,39.6,216.68,179.49,0.923,OK
M-102,2026-09-11 00:00:00,32.34,222.32,141.08,0.93,OK
M-102,2026-09-11 01:00:00,34.0,220.99,143.34,0.934,OK
M-102,2026-09-11 02:00:00,34.14,220.6,142.73,0.935,OK
M-102,2026-09-11 03:00:00,31.16,222.68,143.77,0.926,OK
M-102,2026-09-11 04:00:00,32.44,221.37,146.33,0.93,OK
M-102,2026-09-11 05:00:00,27.39,217.34,144.11,0.952,OK
M-102,2026-09-11 06:00:00,40.79,218.92,185.16,0.907,OK
M-102,2026-09-11 07:00:00,40.95,219.41,182.06,0.931,OK
M-102,2026-09-11 08:00:00,54.26,221.26,224.26,0.943,OK
M-102,2026-09-11 09:00:00,51.94,217.53,221.19,0.927,OK
M-102,2026-09-11 10:00:00,50.74,219.79,218.85,0.92,OK
M-102,2026-09-11 11:00:00,51.98,220.78,224.01,0.939,OK
M-102,2026-09-11 12:00:00,49.21,218.58,222.35,0.897,OK
M-102,2026-09-11 13:00:00,49.55,221.45,222.73,0.954,OK
M-102,2026-09-11 14:00:00,52.11,219.58,218.77,0.937,OK
M-102,2026-09-11 15:00:00,53.84,221.34,226.2,0.924,OK
M-102,2026-09-11 16:00:00,47.69,218.68,224.13,0.926,OK
M-102,2026-09-11 17:00:00,49.07,219.57,226.54,0.893,OK
M-102,2026-09-11 18:00:00,41.39,220.05,180.06,0.929,OK
M-102,2026-09-11 19:00:00,39.99,218.16,184.53,0.922,OK
M-102,2026-09-11 20:00:00,41.71,218.07,180.32,0.94,OK
M-102,2026-09-11 21:00:00,42.5,217.65,182.03,0.941,OK
M-102,2026-09-11 22:00:00,37.49,218.94,183.09,0.913,OK
M-102,2026-09-11 23:00:00,39.68,219.23,181.61,0.939,OK
M-102,2026-09-12 00:00:00,30.88,220.34,145.5,0.92,OK
M-102,2026-09-12 01:00:00,30.12,220.35,137.62,0.925,OK
M-102,2026-09-12 02:00:00,27.41,218.92,140.95,0.954,OK
M-102,2026-09-12 03:00:00,28.61,221.33,138.24,0.95,OK
M-102,2026-09-12 04:00:00,30.34,220.74,140.66,0.895,OK
M-102,2026-09-12 05:00:00,28.33,221.86,141.72,0.923,OK
M-102,2026-09-12 06:00:00,40.66,222.53,185.56,0.921,OK
M-102,2026-09-12 07:00:00,40.45,218.17,187.63,0.945,OK
M-102,2026-09-12 08:00:00,47.45,219.71,222.07,0.916,OK
M-102,2026-09-12 09:00:00,47.51,221.19,222.59,0.928,OK
M-102,2026-09-12 10:00:00,49.41,218.83,223.47,0.941,OK
M-102,2026-09-12 11:00:00,50.75,219.55,229.57,0.923,OK
M-102,2026-09-12 12:00:00,50.66,219.36,224.22,0.924,OK
M-102,2026-09-12 13:00:00,50.25,219.51,219.28,0.931,OK
M-102,2026-09-12 14:00:00,51.07,217.79,219.95,0.901,OK
M-102,2026-09-12 15:00:00,47.01,219.81,217.82,0.912,OK
M-102,2026-09-12 16:00:00,48.02,219.47,219.44,0.95,OK
M-102,2026-09-12 17:00:00,50.47,219.45,221.81,0.924,OK
M-102,2026-09-12 18:00:00,41.07,218.91,183.91,0.931,OK
M-102,2026-09-12 19:00:00,36.82,220.91,182.8,0.926,OK
M-102,2026-09-12 20:00:00,43.75,220.26,179.52,0.929,OK
M-102,2026-09-12 21:00:00,40.3,220.13,181.82,0.943,OK
M-102,2026-09-12 22:00:00,42.96,220.98,182.15,0.919,OK
M-102,2026-09-12 23:00:00,41.86,221.31,179.87,0.963,OK
M-102,2026-09-13 00:00:00,31.46,219.34,135.98,0.948,OK
M-102,2026-09-13 01:00:00,32.68,221.21,143.31,0.937,OK
M-102,2026-09-13 02:00:00,33.87,221.83,145.32,0.935,OK
M-102,2026-09-13 03:00:00,33.31,219.28,141.64,0.956,OK
M-102,2026-09-13 04:00:00,32.07,220.15,144.97,0.921,OK
M-102,2026-09-13 05:00:00,31.7,220.67,146.87,0.904,OK
M-102,2026-09-13 06:00:00,40.09,219.74,187.51,0.903,OK
M-102,2026-09-13 07:00:00,43.89,219.92,184.21,0.924,OK
M-102,2026-09-13 08:00:00,51.23,221.38,220.13,0.938,OK
M-102,2026-09-13 09:00:00,49.72,219.79,222.2,0.946,OK
M-102,2026-09-13 10:00:00,47.72,220.74,216.89,0.939,OK
M-102,2026-09-13 11:00:00,50.14,219.62,222.98,0.942,OK
M-102,2026-09-13 12:00:00,49.2,219.63,220.3,0.96,OK
M-102,2026-09-13 13:00:00,46.16,217.99,223.26,0.928,OK
M-102,2026-09-13 14:00:00,48.5,220.47,215.5,0.924,OK
M-102,2026-09-13 15:00:00,45.5,221.72,224.28,0.952,OK
M-102,2026-09-13 16:00:00,49.93,221.59,221.9,0.955,OK
M-102,2026-09-13 17:00:00,51.32,220.24,218.94,0.937,OK
M-102,2026-09-13 18:00:00,37.22,222.73,183.57,0.94,OK
M-102,2026-09-13 19:00:00,43.13,219.91,182.71,0.936,OK
M-102,2026-09-13 20:00:00,39.01,221.52,179.27,0.951,OK
M-102,2026-09-13 21:00:00,38.7,219.9,185.06,0.935,OK
M-102,2026-09-13 22:00:00,41.31,220.1,185.14,0.951,OK
M-102,2026-09-13 23:00:00,41.04,219.0,184.03,0.962,OK
M-102,2026-09-14 00:00:00,32.53,218.07,144.7,0.918,OK
M-102,2026-09-14 01:00:00,33.91,217.7,143.42,0.946,OK
M-102,2026-09-14 02:00:00,30.7,219.89,146.79,0.933,OK
M-102,2026-09-14 03:00:00,33.8,218.81,139.87,0.927,OK
M-102,2026-09-14 04:00:00,33.17,218.0,138.57,0.942,OK
M-102,2026-09-14 05:00:00,30.59,217.77,141.38,0.92,OK
M-102,2026-09-14 06:00:00,40.47,219.07,184.95,0.955,OK
M-102,2026-09-14 07:00:00,39.25,221.84,180.11,0.933,OK
M-102,2026-09-14 08:00:00,48.29,221.62,221.29,0.952,OK
M-102,2026-09-14 09:00:00,47.81,220.11,221.63,0.915,OK
M-102,2026-09-14 10:00:00,49.18,221.37,221.78,0.948,OK
M-102,2026-09-14 11:00:00,48.69,220.8,221.12,0.921,OK
M-102,2026-09-14 12:00:00,50.34,218.84,221.5,0.916,OK
M-102,2026-09-14 13:00:00,51.88,221.97,221.29,0.922,OK
M-102,2026-09-14 14:00:00,49.8,218.73,228.94,0.902,OK
M-102,2026-09-14 15:00:00,51.6,219.98,219.28,0.921,OK
M-102,2026-09-14 16:00:00,49.76,219.78,218.91,0.937,OK
M-102,2026-09-14 17:00:00,47.47,219.58,219.66,0.909,OK
M-102,2026-09-14 18:00:00,39.72,219.52,182.52,0.926,OK
M-102,2026-09-14 19:00:00,40.44,220.83,180.19,0.952,OK
M-102,2026-09-14 20:00:00,39.64,219.71,183.62,0.935,OK
M-102,2026-09-14 21:00:00,43.3,217.87,183.69,0.937,OK
M-102,2026-09-14 22:00:00,42.7,221.19,181.5,0.92,OK
M-102,2026-09-14 23:00:00,37.81,217.89,182.58,0.926,OK
M-103,2026-09-01 00:00:00,20.26,220.46,79.95,0.945,OK
M-103,2026-09-01 01:00:00,18.64,223.68,84.58,0.974,OK
M-103,2026-09-01 02:00:00,19.31,222.47,86.12,0.947,OK
M-103,2026-09-01 03:00:00,19.75,223.0,82.34,0.978,OK
M-103,2026-09-01 04:00:00,18.97,222.48,85.15,0.917,OK
M-103,2026-09-01 05:00:00,19.08,221.94,85.34,0.971,OK
M-103,2026-09-01 06:00:00,23.83,221.83,106.06,0.961,OK
M-103,2026-09-01 07:00:00,24.06,223.25,109.97,0.944,OK
M-103,2026-09-01 08:00:00,29.33,219.92,137.15,0.963,OK
M-103,2026-09-01 09:00:00,28.42,220.91,132.17,0.957,OK
M-103,2026-09-01 10:00:00,31.33,220.6,129.49,0.94,OK
M-103,2026-09-01 11:00:00,31.19,221.97,131.89,0.954,OK
M-103,2026-09-01 12:00:00,27.99,224.95,132.57,0.981,OK
M-103,2026-09-01 13:00:00,28.1,221.0,135.22,0.933,OK
M-103,2026-09-01 14:00:00,30.34,223.26,136.76,0.953,OK
M-103,2026-09-01 15:00:00,28.92,222.47,135.53,0.954,OK
M-103,2026-09-01 16:00:00,27.18,223.29,133.62,0.942,OK
M-103,2026-09-01 17:00:00,29.89,222.9,134.27,0.973,OK
M-103,2026-09-01 18:00:00,23.09,221.36,104.63,0.973,OK
M-103,2026-09-01 19:00:00,23.27,219.81,107.4,0.986,OK
M-103,2026-09-01 20:00:00,24.91,223.16,111.79,0.969,OK
M-103,2026-09-01 21:00:00,23.63,221.49,108.99,0.99,OK
M-103,2026-09-01 22:00:00,24.59,222.56,108.09,0.945,OK
M-103,2026-09-01 23:00:00,25.73,222.6,107.5,0.976,OK
M-103,2026-09-02 00:00:00,19.18,222.01,85.96,0.959,OK
M-103,2026-09-02 01:00:00,18.03,223.78,84.33,0.958,OK
M-103,2026-09-02 02:00:00,17.78,223.32,84.13,0.97,OK
M-103,2026-09-02 03:00:00,19.39,222.69,84.91,0.95,OK
M-103,2026-09-02 04:00:00,18.41,223.05,88.59,0.945,OK
M-103,2026-09-02 05:00:00,17.69,224.07,86.01,0.931,OK
M-103,2026-09-02 06:00:00,24.25,221.24,105.35,0.955,OK
M-103,2026-09-02 07:00:00,23.42,222.01,107.88,0.952,OK
M-103,2026-09-02 08:00:00,27.37,222.9,135.62,0.973,OK
M-103,2026-09-02 09:00:00,27.27,222.81,134.18,0.945,OK
M-103,2026-09-02 10:00:00,29.13,224.21,132.93,0.989,OK
M-103,2026-09-02 11:00:00,27.12,220.9,140.76,0.975,OK
M-103,2026-09-02 12:00:00,30.28,222.59,130.29,0.958,OK
M-103,2026-09-02 13:00:00,29.79,223.44,133.97,0.961,OK
M-103,2026-09-02 14:00:00,28.92,222.7,136.57,0.971,OK
M-103,2026-09-02 15:00:00,28.32,221.32,130.14,0.951,OK
M-103,2026-09-02 16:00:00,30.06,221.81,136.21,0.981,OK
M-103,2026-09-02 17:00:00,30.76,221.01,134.01,0.984,OK
M-103,2026-09-02 18:00:00,23.85,221.59,109.86,0.947,OK
M-103,2026-09-02 19:00:00,22.16,221.06,111.38,0.99,OK
M-103,2026-09-02 20:00:00,22.62,222.61,105.71,0.983,OK
M-103,2026-09-02 21:00:00,24.0,219.79,111.2,0.95,OK
M-103,2026-09-02 22:00:00,22.63,222.14,103.79,0.926,OK
M-103,2026-09-02 23:00:00,22.33,221.0,107.87,0.966,OK
M-103,2026-09-03 00:00:00,19.09,222.9,88.36,0.977,OK
M-103,2026-09-03 01:00:00,18.72,222.61,86.59,0.962,OK
M-103,2026-09-03 02:00:00,18.24,221.02,84.68,0.966,OK
M-103,2026-09-03 03:00:00,18.61,221.21,83.69,0.942,OK
M-103,2026-09-03 04:00:00,19.89,220.96,85.92,0.972,OK
M-103,2026-09-03 05:00:00,18.05,223.23,81.46,0.952,OK
M-103,2026-09-03 06:00:00,23.43,223.37,109.6,0.96,OK
M-103,2026-09-03 07:00:00,22.48,221.42,111.11,0.988,OK
M-103,2026-09-03 08:00:00,29.12,222.43,126.57,0.989,OK
M-103,2026-09-03 09:00:00,31.01,220.78,138.77,0.974,OK
M-103,2026-09-03 10:00:00,28.25,220.47,133.95,0.95,OK
M-103,2026-09-03 11:00:00,28.31,222.96,135.98,0.964,OK
M-103,2026-09-03 12:00:00,27.5,221.1,132.35,0.973,OK
M-103,2026-09-03 13:00:00,30.53,221.09,136.45,0.919,OK
M-103,2026-09-03 14:00:00,27.0,221.52,137.54,0.949,OK
M-103,2026-09-03 15:00:00,31.09,222.03,137.08,0.956,OK
M-103,2026-09-03 16:00:00,28.96,223.92,133.96,0.966,OK
M-103,2026-09-03 17:00:00,29.99,220.6,136.79,0.971,OK
M-103,2026-09-03 18:00:00,23.57,219.45,101.93,0.945,OK
M-103,2026-09-03 19:00:00,24.56,222.22,109.82,0.989,OK
M-103,2026-09-03 20:00:00,22.4,222.37,109.4,0.949,OK
M-103,2026-09-03 21:00:00,23.95,223.69,104.68,0.95,OK
M-103,2026-09-03 22:00:00,26.36,223.23,109.38,0.959,OK
M-103,2026-09-03 23:00:00,23.88,222.14,107.73,0.965,OK
M-103,2026-09-04 00:00:00,17.78,221.27,85.3,0.99,OK
M-103,2026-09-04 01:00:00,18.61,221.77,90.32,0.964,OK
M-103,2026-09-04 02:00:00,17.13,222.25,84.34,0.984,OK
M-103,2026-09-04 03:00:00,18.99,222.77,89.83,0.984,OK
M-103,2026-09-04 04:00:00,18.65,221.42,92.85,0.949,OK
M-103,2026-09-04 05:00:00,17.27,222.98,92.67,0.955,OK
M-103,2026-09-04 06:00:00,25.42,224.36,111.54,0.937,OK
M-103,2026-09-04 07:00:00,23.6,219.63,108.09,0.976,OK
M-103,2026-09-04 08:00:00,28.8,224.83,135.5,0.955,OK
M-103,2026-09-04 09:00:00,28.61,223.18,133.64,0.951,OK
M-103,2026-09-04 10:00:00,28.36,222.45,136.45,0.929,OK
M-103,2026-09-04 11:00:00,27.65,222.48,137.78,0.949,OK
M-103,2026-09-04 12:00:00,28.92,222.88,133.32,0.94,OK
M-103,2026-09-04 13:00:00,28.11,221.88,134.1,0.969,OK
M-103,2026-09-04 14:00:00,27.64,223.31,134.35,0.967,OK
M-103,2026-09-04 15:00:00,29.29,221.0,132.99,0.959,OK
M-103,2026-09-04 16:00:00,30.63,220.93,132.92,0.953,OK
M-103,2026-09-04 17:00:00,29.36,222.58,132.16,0.968,OK
M-103,2026-09-04 18:00:00,24.99,223.2,113.75,0.946,OK
M-103,2026-09-04 19:00:00,22.84,221.46,109.25,0.943,OK
M-103,2026-09-04 20:00:00,23.39,221.19,108.06,0.955,OK
M-103,2026-09-04 21:00:00,25.33,224.97,110.08,0.963,OK
M-103,2026-09-04 22:00:00,23.57,222.31,109.49,0.967,OK
M-103,2026-09-04 23:00:00,26.41,223.03,106.94,0.963,OK
M-103,2026-09-05 00:00:00,16.83,223.52,87.99,0.947,OK
M-103,2026-09-05 01:00:00,18.71,220.49,80.5,0.976,OK
M-103,2026-09-05 02:00:00,18.16,222.28,82.35,0.952,OK
M-103,2026-09-05 03:00:00,18.16,220.61,87.9,0.946,OK
M-103,2026-09-05 04:00:00,18.9,223.49,88.59,0.95,OK
M-103,2026-09-05 05:00:00,19.84,224.19,83.33,0.943,OK
M-103,2026-09-05 06:00:00,25.51,224.42,107.51,0.969,OK
M-103,2026-09-05 07:00:00,22.7,222.94,107.91,0.976,OK
M-103,2026-09-05 08:00:00,29.04,222.91,133.41,0.962,OK
M-103,2026-09-05 09:00:00,27.57,222.28,130.84,0.978,OK
M-103,2026-09-05 10:00:00,31.06,222.34,135.62,0.971,OK
M-103,2026-09-05 11:00:00,28.32,221.01,132.82,0.941,OK
M-103,2026-09-05 12:00:00,29.52,222.83,133.84,0.968,OK
M-103,2026-09-05 13:00:00,29.41,221.95,134.95,0.966,OK
M-103,2026-09-05 14:00:00,28.25,222.8,134.39,0.95,OK
M-103,2026-09-05 15:00:00,29.18,221.37,131.41,0.943,OK
M-103,2026-09-05 16:00:00,30.64,222.64,136.48,0.99,OK
M-103,2026-09-05 17:00:00,28.89,221.73,142.38,0.964,OK
M-103,2026-09-05 18:00:00,23.44,223.0,110.6,0.958,OK
M-103,2026-09-05 19:00:00,26.05,222.32,110.2,0.946,OK
M-103,2026-09-05 20:00:00,24.42,221.27,109.08,0.948,OK
M-103,2026-09-05 21:00:00,27.13,220.25,108.69,0.95,OK
M-103,2026-09-05 22:00:00,23.86,222.67,111.12,0.97,OK
M-103,2026-09-05 23:00:00,23.15,220.95,110.5,0.951,OK
M-103,2026-09-06 00:00:00,17.62,223.28,82.11,0.97,OK
M-103,2026-09-06 01:00:00,19.89,222.93,85.8,0.934,OK
M-103,2026-09-06 02:00:00,19.76,222.75,86.21,0.966,OK
M-103,2026-09-06 03:00:00,17.54,221.15,81.19,0.968,OK
M-103,2026-09-06 04:00:00,19.55,220.82,81.58,0.949,OK
M-103,2026-09-06 05:00:00,18.29,220.29,81.59,0.948,OK
M-103,2026-09-06 06:00:00,24.02,221.86,105.94,0.976,OK
M-103,2026-09-06 07:00:00,22.36,223.23,108.86,0.954,OK
M-103,2026-09-06 08:00:00,28.43,221.63,136.77,0.977,OK
M-103,2026-09-06 09:00:00,29.63,222.58,132.25,0.965,OK
M-103,2026-09-06 10:00:00,30.35,222.05,131.63,0.959,OK
M-103,2026-09-06 11:00:00,29.96,223.22,130.2,0.967,OK
M-103,2026-09-06 12:00:00,27.54,224.68,136.9,0.975,OK
M-103,2026-09-06 13:00:00,30.83,220.01,133.54,0.932,OK
M-103,2026-09-06 14:00:00,29.43,220.9,131.5,0.959,OK
M-103,2026-09-06 15:00:00,29.86,221.46,128.92,0.983,OK
M-103,2026-09-06 16:00:00,27.83,221.42,135.89,0.968,OK
M-103,2026-09-06 17:00:00,30.44,223.09,135.5,0.943,OK
M-103,2026-09-06 18:00:00,25.26,222.31,106.92,0.964,OK
M-103,2026-09-06 19:00:00,24.5,220.99,110.49,0.94,OK
M-103,2026-09-06 20:00:00,24.97,223.38,110.04,0.959,OK
M-103,2026-09-06 21:00:00,22.23,221.56,112.38,0.965,OK
M-103,2026-09-06 22:00:00,23.14,220.95,114.41,0.955,OK
M-103,2026-09-06 23:00:00,24.05,222.4,106.2,0.984,OK
M-103,2026-09-07 00:00:00,18.13,218.7,86.87,0.959,OK
M-103,2026-09-07 01:00:00,18.34,223.3,83.22,0.955,OK
M-103,2026-09-07 02:00:00,18.51,219.7,84.55,0.943,OK
M-103,2026-09-07 03:00:00,19.87,221.08,79.35,0.954,OK
M-103,2026-09-07 04:00:00,20.81,221.33,87.99,0.98,OK
M-103,2026-09-07 05:00:00,17.83,220.37,88.71,0.976,OK
M-103,2026-09-07 06:00:00,23.43,221.74,106.39,0.964,OK
M-103,2026-09-07 07:00:00,23.33,221.3,111.14,0.969,OK
M-103,2026-09-07 08:00:00,29.65,221.47,133.1,0.962,OK
M-103,2026-09-07 09:00:00,29.78,223.13,139.47,0.975,OK
M-103,2026-09-07 10:00:00,32.83,222.58,134.83,0.971,OK
M-103,2026-09-07 11:00:00,27.91,221.39,131.95,0.97,OK
M-103,2026-09-07 12:00:00,28.91,223.3,133.69,0.973,OK
M-103,2026-09-07 13:00:00,28.93,223.36,131.27,0.972,OK
M-103,2026-09-07 14:00:00,27.19,222.2,132.34,0.972,OK
M-103,2026-09-07 15:00:00,30.21,222.7,134.13,0.961,OK
M-103,2026-09-07 16:00:00,28.31,222.02,132.5,0.959,OK
M-103,2026-09-07 17:00:00,26.86,222.07,132.09,0.956,OK
M-103,2026-09-07 18:00:00,23.62,220.71,110.94,0.936,OK
M-103,2026-09-07 19:00:00,23.5,224.03,111.77,0.972,OK
M-103,2026-09-07 20:00:00,22.16,222.31,108.78,0.963,OK
M-103,2026-09-07 21:00:00,24.57,222.08,106.73,0.966,OK
M-103,2026-09-07 22:00:00,24.91,221.59,107.06,0.919,OK
M-103,2026-09-07 23:00:00,23.17,220.78,107.91,0.962,OK
M-103,2026-09-08 00:00:00,18.65,222.26,78.9,0.946,OK
M-103,2026-09-08 01:00:00,19.3,222.04,81.83,0.956,OK
M-103,2026-09-08 02:00:00,19.08,221.69,86.05,0.937,OK
M-103,2026-09-08 03:00:00,16.95,221.99,83.93,0.951,OK
M-103,2026-09-08 04:00:00,19.47,220.84,84.84,0.956,OK
M-103,2026-09-08 05:00:00,18.99,224.25,86.65,0.95,OK
M-103,2026-09-08 06:00:00,23.83,221.97,110.76,0.952,OK
M-103,2026-09-08 07:00:00,22.06,220.71,107.95,0.934,OK
M-103,2026-09-08 08:00:00,28.17,222.7,130.14,0.969,OK
M-103,2026-09-08 09:00:00,28.04,219.77,132.5,0.953,OK
M-103,2026-09-08 10:00:00,29.6,221.14,135.75,0.976,OK
M-103,2026-09-08 11:00:00,27.3,222.85,129.54,0.985,OK
M-103,2026-09-08 12:00:00,29.71,219.37,133.16,0.93,OK
M-103,2026-09-08 13:00:00,29.28,220.67,132.21,0.961,OK
M-103,2026-09-08 14:00:00,29.26,222.16,136.11,0.978,OK
M-103,2026-09-08 15:00:00,29.13,223.28,132.93,0.945,OK
M-103,2026-09-08 16:00:00,32.5,222.46,134.41,0.968,OK
M-103,2026-09-08 17:00:00,31.37,220.07,135.66,0.981,OK
M-103,2026-09-08 18:00:00,23.51,220.46,109.8,0.968,OK
M-103,2026-09-08 19:00:00,23.14,221.66,109.78,0.989,OK
M-103,2026-09-08 20:00:00,26.3,222.08,109.62,0.954,OK
M-103,2026-09-08 21:00:00,25.25,221.49,108.49,0.975,OK
M-103,2026-09-08 22:00:00,23.27,220.1,109.37,0.971,OK
M-103,2026-09-08 23:00:00,26.25,223.75,111.64,0.947,OK
M-103,2026-09-09 00:00:00,19.0,221.73,82.85,0.972,OK
M-103,2026-09-09 01:00:00,18.84,220.42,81.44,0.939,OK
M-103,2026-09-09 02:00:00,19.31,223.63,91.87,0.932,OK
M-103,2026-09-09 03:00:00,20.43,220.15,88.49,0.955,OK
M-103,2026-09-09 04:00:00,20.03,220.43,87.33,0.969,OK
M-103,2026-09-09 05:00:00,16.15,223.37,85.01,0.96,OK
M-103,2026-09-09 06:00:00,23.32,223.17,112.15,0.98,OK
M-103,2026-09-09 07:00:00,24.97,222.88,112.72,0.964,OK
M-103,2026-09-09 08:00:00,29.23,220.55,132.57,0.946,OK
M-103,2026-09-09 09:00:00,28.78,223.73,134.0,0.959,OK
M-103,2026-09-09 10:00:00,30.32,221.72,136.52,0.969,OK
M-103,2026-09-09 11:00:00,28.83,222.76,137.25,0.942,OK
M-103,2026-09-09 12:00:00,29.31,221.78,138.22,0.967,OK
M-103,2026-09-09 13:00:00,29.78,222.61,130.17,0.939,OK
M-103,2026-09-09 14:00:00,28.37,222.43,136.51,0.955,OK
M-103,2026-09-09 15:00:00,29.66,222.02,133.1,0.97,OK
M-103,2026-09-09 16:00:00,28.25,221.63,133.4,0.936,OK
M-103,2026-09-09 17:00:00,28.02,222.46,137.98,0.94,OK
M-103,2026-09-09 18:00:00,22.07,223.87,109.14,0.957,OK
M-103,2026-09-09 19:00:00,25.49,222.57,110.54,0.94,OK
M-103,2026-09-09 20:00:00,25.05,223.04,108.48,0.948,OK
M-103,2026-09-09 21:00:00,24.13,221.82,110.54,0.966,OK
M-103,2026-09-09 22:00:00,23.6,223.93,107.53,0.976,OK
M-103,2026-09-09 23:00:00,23.01,221.11,111.19,0.942,OK
M-103,2026-09-10 00:00:00,19.96,223.11,80.57,0.956,OK
M-103,2026-09-10 01:00:00,18.47,222.7,86.91,0.948,OK
M-103,2026-09-10 02:00:00,19.58,220.49,86.02,0.957,OK
M-103,2026-09-10 03:00:00,20.38,222.86,90.71,0.942,OK
M-103,2026-09-10 04:00:00,19.31,222.87,88.23,0.972,OK
M-103,2026-09-10 05:00:00,19.16,221.27,85.46,0.932,OK
M-103,2026-09-10 06:00:00,24.33,222.67,110.04,0.94,OK
M-103,2026-09-10 07:00:00,24.69,222.09,115.64,0.959,OK
M-103,2026-09-10 08:00:00,29.49,220.77,139.38,0.963,OK
M-103,2026-09-10 09:00:00,28.16,221.94,131.64,0.98,OK
M-103,2026-09-10 10:00:00,31.28,221.55,134.62,0.99,OK
M-103,2026-09-10 11:00:00,28.61,219.87,131.57,0.981,OK
M-103,2026-09-10 12:00:00,30.28,220.33,140.53,0.982,OK
M-103,2026-09-10 13:00:00,29.2,220.02,135.7,0.982,OK
M-103,2026-09-10 14:00:00,30.06,222.77,133.16,0.949,OK
M-103,2026-09-10 15:00:00,28.42,219.78,131.89,0.973,OK
M-103,2026-09-10 16:00:00,30.55,222.42,131.18,0.956,OK
M-103,2026-09-10 17:00:00,29.51,220.94,131.4,0.976,OK
M-103,2026-09-10 18:00:00,23.84,222.06,115.55,0.946,OK
M-103,2026-09-10 19:00:00,25.39,222.87,111.37,0.978,OK
M-103,2026-09-10 20:00:00,23.14,221.79,109.1,0.941,OK
M-103,2026-09-10 21:00:00,23.6,222.28,113.49,0.94,OK
M-103,2026-09-10 22:00:00,22.05,221.89,114.47,0.95,OK
M-103,2026-09-10 23:00:00,23.59,223.71,105.05,0.954,OK
M-103,2026-09-11 00:00:00,20.36,223.72,85.83,0.964,OK
M-103,2026-09-11 01:00:00,19.74,222.75,87.84,0.965,OK
M-103,2026-09-11 02:00:00,18.44,220.91,91.43,0.96,OK
M-103,2026-09-11 03:00:00,18.74,221.48,86.89,0.965,OK
M-103,2026-09-11 04:00:00,18.52,222.01,80.93,0.943,OK
M-103,2026-09-11 05:00:00,16.64,222.59,86.09,0.968,OK
M-103,2026-09-11 06:00:00,24.6,220.37,103.68,0.99,OK
M-103,2026-09-11 07:00:00,22.66,221.18,111.31,0.961,OK
M-103,2026-09-11 08:00:00,28.36,222.16,134.96,0.953,OK
M-103,2026-09-11 09:00:00,27.86,220.54,134.08,0.966,OK
M-103,2026-09-11 10:00:00,32.27,222.86,137.33,0.959,OK
M-103,2026-09-11 11:00:00,26.79,223.54,129.31,0.948,OK
M-103,2026-09-11 12:00:00,28.28,220.73,132.78,0.942,OK
M-103,2026-09-11 13:00:00,29.06,221.11,130.61,0.948,OK
M-103,2026-09-11 14:00:00,29.75,221.79,132.58,0.969,OK
M-103,2026-09-11 15:00:00,28.95,222.56,132.45,0.97,OK
M-103,2026-09-11 16:00:00,28.94,221.06,133.52,0.947,OK
M-103,2026-09-11 17:00:00,30.04,222.55,134.61,0.964,OK
M-103,2026-09-11 18:00:00,23.98,223.12,111.57,0.974,OK
M-103,2026-09-11 19:00:00,23.8,222.27,113.64,0.969,OK
M-103,2026-09-11 20:00:00,24.26,221.12,110.22,0.971,OK
M-103,2026-09-11 21:00:00,27.33,222.09,108.36,0.953,OK
M-103,2026-09-11 22:00:00,23.33,221.19,114.11,0.953,OK
M-103,2026-09-11 23:00:00,22.02,219.95,107.21,0.969,OK
M-103,2026-09-12 00:00:00,22.08,220.0,84.58,0.973,OK
M-103,2026-09-12 01:00:00,17.85,221.66,89.58,0.951,OK
M-103,2026-09-12 02:00:00,18.51,221.73,87.95,0.953,OK
M-103,2026-09-12 03:00:00,18.48,222.48,81.86,0.933,OK
M-103,2026-09-12 04:00:00,18.19,222.36,87.96,0.969,OK
M-103,2026-09-12 05:00:00,18.64,223.11,89.19,0.967,OK
M-103,2026-09-12 06:00:00,25.03,221.47,111.73,0.94,OK
M-103,2026-09-12 07:00:00,24.42,223.31,111.12,0.946,OK
M-103,2026-09-12 08:00:00,28.03,221.91,134.66,0.932,OK
M-103,2026-09-12 09:00:00,29.57,220.87,127.72,0.98,OK
M-103,2026-09-12 10:00:00,31.31,221.6,129.63,0.961,OK
M-103,2026-09-12 11:00:00,31.26,221.43,131.8,0.983,OK
M-103,2026-09-12 12:00:00,28.67,220.23,135.45,0.957,OK
M-103,2026-09-12 13:00:00,27.13,223.01,130.11,0.959,OK
M-103,2026-09-12 14:00:00,28.74,221.74,131.03,0.965,OK
M-103,2026-09-12 15:00:00,30.3,221.0,125.4,0.962,OK
M-103,2026-09-12 16:00:00,29.0,222.32,134.49,0.955,OK
M-103,2026-09-12 17:00:00,28.49,223.38,132.54,0.949,OK
M-103,2026-09-12 18:00:00,23.84,223.87,110.03,0.955,OK
M-103,2026-09-12 19:00:00,25.07,221.92,113.18,0.957,OK
M-103,2026-09-12 20:00:00,23.53,223.03,108.71,0.963,OK
M-103,2026-09-12 21:00:00,24.2,220.84,106.1,0.99,OK
M-103,2026-09-12 22:00:00,23.71,223.72,107.16,0.964,OK
M-103,2026-09-12 23:00:00,24.61,221.62,109.07,0.957,OK
M-103,2026-09-13 00:00:00,17.06,222.36,85.42,0.988,OK
M-103,2026-09-13 01:00:00,18.82,221.89,78.68,0.99,OK
M-103,2026-09-13 02:00:00,19.76,222.71,83.25,0.949,OK
M-103,2026-09-13 03:00:00,17.1,222.11,84.63,0.932,OK
M-103,2026-09-13 04:00:00,17.34,221.51,85.71,0.966,OK
M-103,2026-09-13 05:00:00,17.26,220.58,87.82,0.985,OK
M-103,2026-09-13 06:00:00,21.86,222.5,106.2,0.985,OK
M-103,2026-09-13 07:00:00,24.3,222.02,111.17,0.945,OK
M-103,2026-09-13 08:00:00,28.53,220.47,129.64,0.966,OK
M-103,2026-09-13 09:00:00,27.77,220.44,134.24,0.964,OK
M-103,2026-09-13 10:00:00,28.53,222.39,137.5,0.979,OK
M-103,2026-09-13 11:00:00,28.21,220.82,133.45,0.954,OK
M-103,2026-09-13 12:00:00,28.81,220.54,131.1,0.939,OK
M-103,2026-09-13 13:00:00,26.31,222.75,130.11,0.936,OK
M-103,2026-09-13 14:00:00,27.48,221.24,138.65,0.965,OK
M-103,2026-09-13 15:00:00,29.89,220.17,135.27,0.957,OK
M-103,2026-09-13 16:00:00,27.18,220.09,140.62,0.944,OK
M-103,2026-09-13 17:00:00,27.87,223.62,128.79,0.99,OK
M-103,2026-09-13 18:00:00,23.35,219.32,105.52,0.956,OK
M-103,2026-09-13 19:00:00,23.54,222.27,107.53,0.966,OK
M-103,2026-09-13 20:00:00,24.31,220.68,108.53,0.97,OK
M-103,2026-09-13 21:00:00,23.94,222.95,112.15,0.939,OK
M-103,2026-09-13 22:00:00,22.2,220.73,107.21,0.971,OK
M-103,2026-09-13 23:00:00,24.34,222.48,112.78,0.963,OK
M-103,2026-09-14 00:00:00,20.16,222.08,87.09,0.982,OK
M-103,2026-09-14 01:00:00,18.86,220.99,84.77,0.971,OK
M-103,2026-09-14 02:00:00,20.2,223.57,85.53,0.93,OK
M-103,2026-09-14 03:00:00,18.65,221.13,85.56,0.99,OK
M-103,2026-09-14 04:00:00,18.64,222.03,84.46,0.93,OK
M-103,2026-09-14 05:00:00,17.81,221.25,88.63,0.948,OK
M-103,2026-09-14 06:00:00,25.49,222.62,113.5,0.953,OK
M-103,2026-09-14 07:00:00,23.63,220.81,107.07,0.944,OK
M-103,2026-09-14 08:00:00,28.38,220.12,130.18,0.963,OK
M-103,2026-09-14 09:00:00,29.4,221.2,138.38,0.964,OK
M-103,2026-09-14 10:00:00,29.5,222.89,132.52,0.972,OK
M-103,2026-09-14 11:00:00,29.51,221.57,132.51,0.939,OK
M-103,2026-09-14 12:00:00,28.15,220.65,131.41,0.967,OK
M-103,2026-09-14 13:00:00,30.56,222.34,130.56,0.944,OK
M-103,2026-09-14 14:00:00,28.75,222.72,131.21,0.95,OK
M-103,2026-09-14 15:00:00,30.33,221.22,132.54,0.941,OK
M-103,2026-09-14 16:00:00,29.42,222.33,135.97,0.99,OK
M-103,2026-09-14 17:00:00,30.84,221.62,132.36,0.967,OK
M-103,2026-09-14 18:00:00,22.91,222.43,112.98,0.964,OK
M-103,2026-09-14 19:00:00,24.74,222.21,114.65,0.958,OK
M-103,2026-09-14 20:00:00,25.73,221.61,112.38,0.96,OK
M-103,2026-09-14 21:00:00,24.15,220.37,110.57,0.937,OK
M-103,2026-09-14 22:00:00,22.86,221.23,106.59,0.97,OK
M-103,2026-09-14 23:00:00,23.72,220.53,110.07,0.953,OK
M-104,2026-09-01 00:00:00,37.66,219.13,167.38,0.912,OK
M-104,2026-09-01 01:00:00,40.24,219.17,165.55,0.907,OK
M-104,2026-09-01 02:00:00,36.87,219.96,165.15,0.888,OK
M-104,2026-09-01 03:00:00,35.18,219.8,165.15,0.902,OK
M-104,2026-09-01 04:00:00,36.44,221.07,165.78,0.909,OK
M-104,2026-09-01 05:00:00,37.36,220.69,163.98,0.916,OK
M-104,2026-09-01 06:00:00,48.31,220.71,213.74,0.909,OK
M-104,2026-09-01 07:00:00,47.31,219.22,214.79,0.901,OK
M-104,2026-09-01 08:00:00,57.41,219.01,258.85,0.909,OK
M-104,2026-09-01 09:00:00,56.97,219.74,250.95,0.908,OK
M-104,2026-09-01 10:00:00,56.86,218.54,261.85,0.898,OK
M-104,2026-09-01 11:00:00,52.94,219.53,256.16,0.902,OK
M-104,2026-09-01 12:00:00,58.89,220.09,260.18,0.904,OK
M-104,2026-09-01 13:00:00,58.76,219.02,257.54,0.884,OK
M-104,2026-09-01 14:00:00,56.41,222.73,259.86,0.911,OK
M-104,2026-09-01 15:00:00,55.9,220.66,254.05,0.884,OK
M-104,2026-09-01 16:00:00,58.0,220.52,260.05,0.907,OK
M-104,2026-09-01 17:00:00,58.02,219.07,258.11,0.938,OK
M-104,2026-09-01 18:00:00,46.36,217.1,213.93,0.929,OK
M-104,2026-09-01 19:00:00,49.27,220.67,211.69,0.918,OK
M-104,2026-09-01 20:00:00,45.89,219.03,213.24,0.901,OK
M-104,2026-09-01 21:00:00,48.72,219.15,214.52,0.899,OK
M-104,2026-09-01 22:00:00,45.89,218.8,213.8,0.915,OK
M-104,2026-09-01 23:00:00,48.11,221.21,211.34,0.905,OK
M-104,2026-09-02 00:00:00,36.38,221.22,162.67,0.899,OK
M-104,2026-09-02 01:00:00,37.28,218.74,165.39,0.901,OK
M-104,2026-09-02 02:00:00,38.93,218.79,166.2,0.915,OK
M-104,2026-09-02 03:00:00,36.49,220.34,175.96,0.904,OK
M-104,2026-09-02 04:00:00,38.99,220.11,160.08,0.94,OK
M-104,2026-09-02 05:00:00,36.53,219.52,160.4,0.932,OK
M-104,2026-09-02 06:00:00,47.52,219.18,209.08,0.902,OK
M-104,2026-09-02 07:00:00,47.5,221.26,215.61,0.917,OK
M-104,2026-09-02 08:00:00,54.99,220.64,253.62,0.89,OK
M-104,2026-09-02 09:00:00,56.76,218.63,258.51,0.895,OK
M-104,2026-09-02 10:00:00,56.97,221.27,259.11,0.919,OK
M-104,2026-09-02 11:00:00,57.24,218.71,255.36,0.902,OK
M-104,2026-09-02 12:00:00,57.78,217.48,258.61,0.898,OK
M-104,2026-09-02 13:00:00,59.05,218.3,257.84,0.945,OK
M-104,2026-09-02 14:00:00,57.07,220.48,258.75,0.904,OK
M-104,2026-09-02 15:00:00,55.96,221.2,263.97,0.922,OK
M-104,2026-09-02 16:00:00,58.04,221.53,254.59,0.897,OK
M-104,2026-09-02 17:00:00,57.57,217.55,252.68,0.915,OK
M-104,2026-09-02 18:00:00,45.63,220.65,205.63,0.942,OK
M-104,2026-09-02 19:00:00,49.14,220.01,210.83,0.923,OK
M-104,2026-09-02 20:00:00,48.72,220.04,210.57,0.915,OK
M-104,2026-09-02 21:00:00,47.81,219.86,211.2,0.931,OK
M-104,2026-09-02 22:00:00,48.86,222.06,213.03,0.904,OK
M-104,2026-09-02 23:00:00,49.52,223.93,213.23,0.892,OK
M-104,2026-09-03 00:00:00,35.62,220.48,166.86,0.939,OK
M-104,2026-09-03 01:00:00,35.65,221.39,168.31,0.921,OK
M-104,2026-09-03 02:00:00,35.18,221.48,169.82,0.919,OK
M-104,2026-09-03 03:00:00,37.05,219.91,166.28,0.92,OK
M-104,2026-09-03 04:00:00,36.77,218.74,163.05,0.899,OK
M-104,2026-09-03 05:00:00,37.08,220.26,165.52,0.918,OK
M-104,2026-09-03 06:00:00,45.92,219.68,216.0,0.903,OK
M-104,2026-09-03 07:00:00,47.69,219.05,206.09,0.925,OK
M-104,2026-09-03 08:00:00,54.34,221.81,260.95,0.904,OK
M-104,2026-09-03 09:00:00,57.59,219.44,260.96,0.923,OK
M-104,2026-09-03 10:00:00,56.05,219.04,256.17,0.915,OK
M-104,2026-09-03 11:00:00,58.97,218.47,257.05,0.894,OK
M-104,2026-09-03 12:00:00,57.75,220.47,263.13,0.904,OK
M-104,2026-09-03 13:00:00,58.35,219.55,256.88,0.896,OK
M-104,2026-09-03 14:00:00,59.37,220.96,249.98,0.903,OK
M-104,2026-09-03 15:00:00,56.46,219.14,262.68,0.9,OK
M-104,2026-09-03 16:00:00,56.91,219.47,258.84,0.886,OK
M-104,2026-09-03 17:00:00,55.73,220.09,261.44,0.917,OK
M-104,2026-09-03 18:00:00,46.5,222.01,209.62,0.907,OK
M-104,2026-09-03 19:00:00,46.21,219.13,214.89,0.901,OK
M-104,2026-09-03 20:00:00,46.94,220.31,211.6,0.941,OK
M-104,2026-09-03 21:00:00,47.46,220.39,204.47,0.911,OK
M-104,2026-09-03 22:00:00,46.99,219.97,212.34,0.909,OK
M-104,2026-09-03 23:00:00,47.9,218.86,209.97,0.955,OK
M-104,2026-09-04 00:00:00,35.57,218.21,165.9,0.912,OK
M-104,2026-09-04 01:00:00,35.23,221.25,164.27,0.917,OK
M-104,2026-09-04 02:00:00,37.63,222.2,160.29,0.892,OK
M-104,2026-09-04 03:00:00,39.17,220.69,168.66,0.897,OK
M-104,2026-09-04 04:00:00,36.96,220.03,164.19,0.906,OK
M-104,2026-09-04 05:00:00,33.46,219.9,168.97,0.903,OK
M-104,2026-09-04 06:00:00,46.02,218.93,212.68,0.876,OK
M-104,2026-09-04 07:00:00,47.57,219.76,213.16,0.893,OK
M-104,2026-09-04 08:00:00,57.26,218.77,253.21,0.899,OK
M-104,2026-09-04 09:00:00,58.47,219.46,256.51,0.939,OK
M-104,2026-09-04 10:00:00,57.68,219.56,258.62,0.901,OK
M-104,2026-09-04 11:00:00,53.62,220.54,260.51,0.907,OK
M-104,2026-09-04 12:00:00,56.9,218.13,259.81,0.901,OK
M-104,2026-09-04 13:00:00,55.3,221.05,262.91,0.877,OK
M-104,2026-09-04 14:00:00,54.7,219.43,257.2,0.89,OK
M-104,2026-09-04 15:00:00,60.23,220.57,258.54,0.9,OK
M-104,2026-09-04 16:00:00,58.28,219.66,256.46,0.919,OK
M-104,2026-09-04 17:00:00,54.51,220.22,262.39,0.929,OK
M-104,2026-09-04 18:00:00,45.2,218.61,208.83,0.914,OK
M-104,2026-09-04 19:00:00,47.03,218.78,210.21,0.891,OK
M-104,2026-09-04 20:00:00,46.84,219.18,210.2,0.933,OK
M-104,2026-09-04 21:00:00,46.79,219.36,215.41,0.914,OK
M-104,2026-09-04 22:00:00,46.83,221.71,206.51,0.908,OK
M-104,2026-09-04 23:00:00,48.11,219.8,209.34,0.897,OK
M-104,2026-09-05 00:00:00,38.7,220.44,166.53,0.93,OK
M-104,2026-09-05 01:00:00,38.57,218.29,167.9,0.9,OK
M-104,2026-09-05 02:00:00,35.11,220.2,167.78,0.889,OK
M-104,2026-09-05 03:00:00,36.42,219.94,161.12,0.885,OK
M-104,2026-09-05 04:00:00,37.57,222.29,166.73,0.923,OK
M-104,2026-09-05 05:00:00,36.04,218.32,168.05,0.896,OK
M-104,2026-09-05 06:00:00,47.45,219.96,205.13,0.895,OK
M-104,2026-09-05 07:00:00,47.08,220.51,208.37,0.91,OK
M-104,2026-09-05 08:00:00,59.36,219.08,257.62,0.906,OK
M-104,2026-09-05 09:00:00,54.97,220.71,258.82,0.947,OK
M-104,2026-09-05 10:00:00,56.13,219.31,256.8,0.913,OK
M-104,2026-09-05 11:00:00,57.73,221.3,257.44,0.901,OK
M-104,2026-09-05 12:00:00,58.7,219.99,259.22,0.905,OK
M-104,2026-09-05 13:00:00,61.0,220.36,255.15,0.899,OK
M-104,2026-09-05 14:00:00,59.98,219.19,260.26,0.918,OK
M-104,2026-09-05 15:00:00,57.53,220.91,256.05,0.916,OK
M-104,2026-09-05 16:00:00,57.47,220.52,257.47,0.913,OK
M-104,2026-09-05 17:00:00,57.21,222.03,255.68,0.894,OK
M-104,2026-09-05 18:00:00,47.6,222.11,210.64,0.896,OK
M-104,2026-09-05 19:00:00,45.74,220.39,208.69,0.889,OK
M-104,2026-09-05 20:00:00,46.15,220.29,205.14,0.902,OK
M-104,2026-09-05 21:00:00,44.54,218.43,214.86,0.922,OK
M-104,2026-09-05 22:00:00,45.8,220.9,216.4,0.895,OK
M-104,2026-09-05 23:00:00,45.45,219.69,213.42,0.907,OK
M-104,2026-09-06 00:00:00,38.76,220.11,163.35,0.924,OK
M-104,2026-09-06 01:00:00,38.01,219.65,165.12,0.884,OK
M-104,2026-09-06 02:00:00,35.03,219.83,166.56,0.911,OK
M-104,2026-09-06 03:00:00,38.38,219.72,162.04,0.913,OK
M-104,2026-09-06 04:00:00,35.59,221.09,169.89,0.914,OK
M-104,2026-09-06 05:00:00,39.59,219.99,161.1,0.915,OK
M-104,2026-09-06 06:00:00,45.46,218.67,212.5,0.92,OK
M-104,2026-09-06 07:00:00,48.61,217.78,212.42,0.895,OK
M-104,2026-09-06 08:00:00,58.02,216.77,257.66,0.929,OK
M-104,2026-09-06 09:00:00,57.34,221.19,255.14,0.9,OK
M-104,2026-09-06 10:00:00,56.02,222.14,258.68,0.934,OK
M-104,2026-09-06 11:00:00,57.7,220.95,258.99,0.891,OK
M-104,2026-09-06 12:00:00,58.15,220.38,255.4,0.907,OK
M-104,2026-09-06 13:00:00,57.92,216.31,257.95,0.913,OK
M-104,2026-09-06 14:00:00,58.15,219.88,258.94,0.935,OK
M-104,2026-09-06 15:00:00,57.62,221.25,258.91,0.915,OK
M-104,2026-09-06 16:00:00,55.68,219.43,250.28,0.921,OK
M-104,2026-09-06 17:00:00,56.56,220.18,260.0,0.929,OK
M-104,2026-09-06 18:00:00,46.45,220.61,213.0,0.933,OK
M-104,2026-09-06 19:00:00,44.19,221.02,210.22,0.933,OK
M-104,2026-09-06 20:00:00,47.3,220.91,210.72,0.923,OK
M-104,2026-09-06 21:00:00,46.34,221.42,212.59,0.938,OK
M-104,2026-09-06 22:00:00,48.11,219.94,211.73,0.918,OK
M-104,2026-09-06 23:00:00,46.73,218.73,212.17,0.929,OK
M-104,2026-09-07 00:00:00,34.9,220.12,164.3,0.94,OK
M-104,2026-09-07 01:00:00,36.04,219.34,163.6,0.935,OK
M-104,2026-09-07 02:00:00,32.22,223.28,162.59,0.919,OK
M-104,2026-09-07 03:00:00,34.95,220.08,165.47,0.923,OK
M-104,2026-09-07 04:00:00,39.66,219.35,166.77,0.922,OK
M-104,2026-09-07 05:00:00,35.6,217.89,162.5,0.887,OK
M-104,2026-09-07 06:00:00,45.49,220.38,208.07,0.892,OK
M-104,2026-09-07 07:00:00,41.89,219.43,208.47,0.901,OK
M-104,2026-09-07 08:00:00,59.55,221.06,255.76,0.91,OK
M-104,2026-09-07 09:00:00,57.05,219.93,255.09,0.899,OK
M-104,2026-09-07 10:00:00,57.39,218.87,256.89,0.925,OK
M-104,2026-09-07 11:00:00,57.8,220.17,256.26,0.909,OK
M-104,2026-09-07 12:00:00,55.73,219.25,257.81,0.896,OK
M-104,2026-09-07 13:00:00,54.52,220.68,256.52,0.9,OK
M-104,2026-09-07 14:00:00,61.15,221.57,260.26,0.922,OK
M-104,2026-09-07 15:00:00,60.08,216.93,255.24,0.903,OK
M-104,2026-09-07 16:00:00,58.01,220.33,258.05,0.93,OK
M-104,2026-09-07 17:00:00,57.73,218.87,260.0,0.894,OK
M-104,2026-09-07 18:00:00,49.5,219.25,211.9,0.901,OK
M-104,2026-09-07 19:00:00,45.88,218.46,209.47,0.887,OK
M-104,2026-09-07 20:00:00,46.61,221.33,209.82,0.914,OK
M-104,2026-09-07 21:00:00,47.34,219.85,209.37,0.915,OK
M-104,2026-09-07 22:00:00,48.07,221.29,211.32,0.91,OK
M-104,2026-09-07 23:00:00,48.19,217.82,210.13,0.914,OK
M-104,2026-09-08 00:00:00,37.88,220.51,167.33,0.905,OK
M-104,2026-09-08 01:00:00,35.43,220.51,167.26,0.902,OK
M-104,2026-09-08 02:00:00,38.5,219.3,162.95,0.935,OK
M-104,2026-09-08 03:00:00,38.11,220.34,164.53,0.912,OK
M-104,2026-09-08 04:00:00,32.33,219.94,162.88,0.905,OK
M-104,2026-09-08 05:00:00,37.12,219.61,168.99,0.894,OK
M-104,2026-09-08 06:00:00,47.44,219.81,210.62,0.906,OK
M-104,2026-09-08 07:00:00,50.51,219.53,204.88,0.91,OK
M-104,2026-09-08 08:00:00,55.87,220.98,260.3,0.909,OK
M-104,2026-09-08 09:00:00,56.69,219.87,257.26,0.909,OK
M-104,2026-09-08 10:00:00,56.82,220.9,258.36,0.892,OK
M-104,2026-09-08 11:00:00,55.44,221.04,252.35,0.914,OK
M-104,2026-09-08 12:00:00,57.93,222.14,253.31,0.901,OK
M-104,2026-09-08 13:00:00,57.39,218.82,260.16,0.902,OK
M-104,2026-09-08 14:00:00,57.41,220.36,266.17,0.934,OK
M-104,2026-09-08 15:00:00,59.05,218.81,258.7,0.926,OK
M-104,2026-09-08 16:00:00,54.72,220.24,262.4,0.87,OK
M-104,2026-09-08 17:00:00,56.58,219.72,259.56,0.921,OK
M-104,2026-09-08 18:00:00,45.56,219.91,207.68,0.91,OK
M-104,2026-09-08 19:00:00,46.36,218.98,215.28,0.915,OK
M-104,2026-09-08 20:00:00,47.03,218.42,206.93,0.91,OK
M-104,2026-09-08 21:00:00,50.09,217.93,213.34,0.863,OK
M-104,2026-09-08 22:00:00,48.09,221.37,211.31,0.897,OK
M-104,2026-09-08 23:00:00,47.48,219.46,214.14,0.904,OK
M-104,2026-09-09 00:00:00,36.76,219.98,167.23,0.925,OK
M-104,2026-09-09 01:00:00,35.98,222.37,161.61,0.901,OK
M-104,2026-09-09 02:00:00,35.81,220.08,165.4,0.904,OK
M-104,2026-09-09 03:00:00,36.69,220.21,165.48,0.875,OK
M-104,2026-09-09 04:00:00,39.73,220.7,165.16,0.889,OK
M-104,2026-09-09 05:00:00,35.97,221.76,163.58,0.901,OK
M-104,2026-09-09 06:00:00,48.13,219.46,209.65,0.906,OK
M-104,2026-09-09 07:00:00,48.97,218.42,205.93,0.881,OK
M-104,2026-09-09 08:00:00,55.38,218.06,255.17,0.899,OK
M-104,2026-09-09 09:00:00,53.9,221.44,254.55,0.916,OK
M-104,2026-09-09 10:00:00,57.42,218.16,254.59,0.893,OK
M-104,2026-09-09 11:00:00,57.05,221.08,260.2,0.919,OK
M-104,2026-09-09 12:00:00,55.94,219.61,257.67,0.907,OK
M-104,2026-09-09 13:00:00,60.38,219.72,252.31,0.928,OK
M-104,2026-09-09 14:00:00,54.77,219.37,255.67,0.907,OK
M-104,2026-09-09 15:00:00,54.57,220.8,259.39,0.918,OK
M-104,2026-09-09 16:00:00,55.73,218.92,257.86,0.905,OK
M-104,2026-09-09 17:00:00,60.57,218.57,257.89,0.913,OK
M-104,2026-09-09 18:00:00,44.76,218.75,208.0,0.903,OK
M-104,2026-09-09 19:00:00,48.42,220.63,213.34,0.894,OK
M-104,2026-09-09 20:00:00,46.05,219.25,212.42,0.906,OK
M-104,2026-09-09 21:00:00,47.63,220.27,210.55,0.934,OK
M-104,2026-09-09 22:00:00,46.65,220.67,215.14,0.888,OK
M-104,2026-09-09 23:00:00,45.16,218.97,209.1,0.909,OK
M-104,2026-09-10 00:00:00,37.7,220.37,169.37,0.903,OK
M-104,2026-09-10 01:00:00,33.39,220.03,165.81,0.913,OK
M-104,2026-09-10 02:00:00,40.09,220.94,169.32,0.896,OK
M-104,2026-09-10 03:00:00,35.9,219.07,165.32,0.918,OK
M-104,2026-09-10 04:00:00,37.29,221.44,162.34,0.912,OK
M-104,2026-09-10 05:00:00,33.95,220.34,165.45,0.925,OK
M-104,2026-09-10 06:00:00,46.38,220.22,214.08,0.89,OK
M-104,2026-09-10 07:00:00,44.66,221.44,214.97,0.915,OK
M-104,2026-09-10 08:00:00,59.51,220.82,260.77,0.896,OK
M-104,2026-09-10 09:00:00,59.89,219.54,259.21,0.9,OK
M-104,2026-09-10 10:00:00,57.53,220.84,252.59,0.896,OK
M-104,2026-09-10 11:00:00,57.71,219.68,256.04,0.899,OK
M-104,2026-09-10 12:00:00,56.86,221.66,263.27,0.915,OK
M-104,2026-09-10 13:00:00,57.08,221.36,260.13,0.898,OK
M-104,2026-09-10 14:00:00,57.0,221.35,252.13,0.941,OK
M-104,2026-09-10 15:00:00,57.25,220.73,251.22,0.896,OK
M-104,2026-09-10 16:00:00,56.06,220.31,259.48,0.903,OK
M-104,2026-09-10 17:00:00,56.08,219.51,257.98,0.893,OK
M-104,2026-09-10 18:00:00,46.39,219.79,212.62,0.889,OK
M-104,2026-09-10 19:00:00,48.5,219.46,203.38,0.901,OK
M-104,2026-09-10 20:00:00,47.16,221.35,213.28,0.899,OK
M-104,2026-09-10 21:00:00,47.86,217.95,212.19,0.939,OK
M-104,2026-09-10 22:00:00,44.62,220.47,212.86,0.914,OK
M-104,2026-09-10 23:00:00,46.13,218.13,214.08,0.909,OK
M-104,2026-09-11 00:00:00,52.65,220.51,240.45,0.906,OK
M-104,2026-09-11 01:00:00,53.17,220.06,246.87,0.877,OK
M-104,2026-09-11 02:00:00,53.37,219.16,242.11,0.896,OK
M-104,2026-09-11 03:00:00,54.53,218.02,236.42,0.896,OK
M-104,2026-09-11 04:00:00,52.06,220.94,244.76,0.871,OK
M-104,2026-09-11 05:00:00,50.66,220.42,250.82,0.884,OK
M-104,2026-09-11 06:00:00,66.78,218.57,308.8,0.903,OK
M-104,2026-09-11 07:00:00,67.15,219.52,315.87,0.874,OK
M-104,2026-09-11 08:00:00,82.96,219.86,367.1,0.887,OK
M-104,2026-09-11 09:00:00,85.91,221.39,370.35,0.902,OK
M-104,2026-09-11 10:00:00,86.91,221.22,378.44,0.868,OK
M-104,2026-09-11 11:00:00,85.64,218.02,375.27,0.873,OK
M-104,2026-09-11 12:00:00,83.98,220.45,375.04,0.863,OK
M-104,2026-09-11 13:00:00,78.96,221.08,384.72,0.874,OK
M-104,2026-09-11 14:00:00,83.96,220.5,383.17,0.892,OK
M-104,2026-09-11 15:00:00,86.54,220.04,375.45,0.89,OK
M-104,2026-09-11 16:00:00,83.32,220.09,376.95,0.891,OK
M-104,2026-09-11 17:00:00,81.5,218.83,382.21,0.887,OK
M-104,2026-09-11 18:00:00,68.28,217.46,312.63,0.903,OK
M-104,2026-09-11 19:00:00,67.38,219.43,316.43,0.889,OK
M-104,2026-09-11 20:00:00,73.47,221.49,309.83,0.891,OK
M-104,2026-09-11 21:00:00,69.95,221.02,311.36,0.88,OK
M-104,2026-09-11 22:00:00,66.66,220.12,308.24,0.887,OK
M-104,2026-09-11 23:00:00,70.64,218.83,316.81,0.879,OK
M-104,2026-09-12 00:00:00,50.6,220.37,252.39,0.897,OK
M-104,2026-09-12 01:00:00,50.83,220.61,243.43,0.886,OK
M-104,2026-09-12 02:00:00,56.51,218.86,253.63,0.875,OK
M-104,2026-09-12 03:00:00,51.91,221.25,250.52,0.888,OK
M-104,2026-09-12 04:00:00,54.06,221.07,239.83,0.884,OK
M-104,2026-09-12 05:00:00,53.37,219.77,246.12,0.886,OK
M-104,2026-09-12 06:00:00,69.0,221.98,314.56,0.899,OK
M-104,2026-09-12 07:00:00,70.86,219.15,310.17,0.9,OK
M-104,2026-09-12 08:00:00,84.37,219.61,372.4,0.889,OK
M-104,2026-09-12 09:00:00,82.77,220.58,385.21,0.911,OK
M-104,2026-09-12 10:00:00,84.59,218.88,379.03,0.89,OK
M-104,2026-09-12 11:00:00,84.0,219.35,372.64,0.885,OK
M-104,2026-09-12 12:00:00,84.94,219.3,380.71,0.897,OK
M-104,2026-09-12 13:00:00,83.54,219.42,366.02,0.906,OK
M-104,2026-09-12 14:00:00,80.01,221.9,379.17,0.879,OK
M-104,2026-09-12 15:00:00,83.97,221.95,372.92,0.889,OK
M-104,2026-09-12 16:00:00,84.08,220.79,384.64,0.877,OK
M-104,2026-09-12 17:00:00,82.44,219.25,380.85,0.858,OK
M-104,2026-09-12 18:00:00,68.85,221.94,304.52,0.893,OK
M-104,2026-09-12 19:00:00,66.84,217.73,307.97,0.874,OK
M-104,2026-09-12 20:00:00,71.36,220.87,320.89,0.889,OK
M-104,2026-09-12 21:00:00,67.96,222.47,306.83,0.887,OK
M-104,2026-09-12 22:00:00,73.95,217.91,317.2,0.88,OK
M-104,2026-09-12 23:00:00,67.4,219.93,310.7,0.935,OK
M-104,2026-09-13 00:00:00,51.44,220.74,244.44,0.89,OK
M-104,2026-09-13 01:00:00,54.24,220.13,238.82,0.898,OK
M-104,2026-09-13 02:00:00,54.75,221.7,245.95,0.904,OK
M-104,2026-09-13 03:00:00,54.15,219.28,238.26,0.887,OK
M-104,2026-09-13 04:00:00,54.57,218.88,241.32,0.872,OK
M-104,2026-09-13 05:00:00,50.09,218.24,242.4,0.875,OK
M-104,2026-09-13 06:00:00,68.05,220.46,305.16,0.901,OK
M-104,2026-09-13 07:00:00,67.68,220.64,309.12,0.879,OK
M-104,2026-09-13 08:00:00,82.13,221.06,383.95,0.899,OK
M-104,2026-09-13 09:00:00,86.14,221.62,369.95,0.896,OK
M-104,2026-09-13 10:00:00,86.34,220.06,380.38,0.886,OK
M-104,2026-09-13 11:00:00,84.83,221.04,377.3,0.866,OK
M-104,2026-09-13 12:00:00,82.69,219.25,387.69,0.886,OK
M-104,2026-09-13 13:00:00,81.89,219.12,380.15,0.887,OK
M-104,2026-09-13 14:00:00,85.96,220.95,375.59,0.902,OK
M-104,2026-09-13 15:00:00,86.45,223.89,379.29,0.906,OK
M-104,2026-09-13 16:00:00,84.73,219.88,374.81,0.911,OK
M-104,2026-09-13 17:00:00,87.99,220.94,385.19,0.871,OK
M-104,2026-09-13 18:00:00,70.12,218.22,305.58,0.894,OK
M-104,2026-09-13 19:00:00,70.2,220.6,315.04,0.898,OK
M-104,2026-09-13 20:00:00,66.66,218.19,310.59,0.86,OK
M-104,2026-09-13 21:00:00,70.71,221.05,307.73,0.907,OK
M-104,2026-09-13 22:00:00,67.52,219.21,313.66,0.862,OK
M-104,2026-09-13 23:00:00,69.26,219.47,308.98,0.92,OK
M-104,2026-09-14 00:00:00,50.39,218.81,245.12,0.904,OK
M-104,2026-09-14 01:00:00,54.68,218.87,245.1,0.879,OK
M-104,2026-09-14 02:00:00,56.16,220.58,251.24,0.877,OK
M-104,2026-09-14 03:00:00,54.78,220.12,254.14,0.912,OK
M-104,2026-09-14 04:00:00,52.24,220.74,243.25,0.896,OK
M-104,2026-09-14 05:00:00,52.18,221.19,239.86,0.908,OK
M-104,2026-09-14 06:00:00,72.53,220.16,319.01,0.885,OK
M-104,2026-09-14 07:00:00,72.15,218.82,314.2,0.874,OK
M-104,2026-09-14 08:00:00,85.12,219.97,377.89,0.906,OK
M-104,2026-09-14 09:00:00,85.75,217.68,384.54,0.894,OK
M-104,2026-09-14 10:00:00,85.6,219.21,371.94,0.877,OK
M-104,2026-09-14 11:00:00,84.02,222.43,385.85,0.878,OK
M-104,2026-09-14 12:00:00,85.2,220.47,381.14,0.896,OK
M-104,2026-09-14 13:00:00,84.68,221.32,386.11,0.874,OK
M-104,2026-09-14 14:00:00,85.84,220.38,382.61,0.907,OK
M-104,2026-09-14 15:00:00,84.41,220.15,379.56,0.86,OK
M-104,2026-09-14 16:00:00,83.78,218.58,375.73,0.912,OK
M-104,2026-09-14 17:00:00,85.15,219.32,378.54,0.894,OK
M-104,2026-09-14 18:00:00,71.3,219.99,307.41,0.903,OK
M-104,2026-09-14 19:00:00,64.42,219.48,310.8,0.888,OK
M-104,2026-09-14 20:00:00,67.79,222.31,311.66,0.885,OK
M-104,2026-09-14 21:00:00,69.66,219.34,319.85,0.917,OK
M-104,2026-09-14 22:00:00,68.98,220.9,318.91,0.895,OK
M-104,2026-09-14 23:00:00,68.82,220.09,308.3,0.903,OK
M-105,2026-09-01 00:00:00,27.34,219.7,122.89,0.955,OK
M-105,2026-09-01 01:00:00,29.2,219.2,121.84,0.946,OK
M-105,2026-09-01 02:00:00,29.65,218.5,127.28,0.936,OK
M-105,2026-09-01 03:00:00,25.96,221.93,123.04,0.919,OK
M-105,2026-09-01 04:00:00,24.93,220.34,121.35,0.949,OK
M-105,2026-09-01 05:00:00,28.02,217.88,127.37,0.958,OK
M-105,2026-09-01 06:00:00,34.49,218.41,160.43,0.94,OK
M-105,2026-09-01 07:00:00,35.31,218.1,161.71,0.94,OK
M-105,2026-09-01 08:00:00,40.93,220.93,194.16,0.959,OK
M-105,2026-09-01 09:00:00,41.76,221.63,195.42,0.915,OK
M-105,2026-09-01 10:00:00,43.48,219.69,195.52,0.922,OK
M-105,2026-09-01 11:00:00,43.97,219.79,189.04,0.939,OK
M-105,2026-09-01 12:00:00,43.63,219.18,190.76,0.941,OK
M-105,2026-09-01 13:00:00,44.07,218.19,199.5,0.945,OK
M-105,2026-09-01 14:00:00,40.93,218.87,195.7,0.93,OK
M-105,2026-09-01 15:00:00,41.68,220.39,192.41,0.947,OK
M-105,2026-09-01 16:00:00,42.55,220.87,188.65,0.939,OK
M-105,2026-09-01 17:00:00,44.3,218.08,190.52,0.939,OK
M-105,2026-09-01 18:00:00,36.9,219.76,158.72,0.927,OK
M-105,2026-09-01 19:00:00,37.6,219.13,155.15,0.949,OK
M-105,2026-09-01 20:00:00,32.18,220.75,162.06,0.953,OK
M-105,2026-09-01 21:00:00,35.8,218.72,157.76,0.938,OK
M-105,2026-09-01 22:00:00,33.5,220.97,159.7,0.962,OK
M-105,2026-09-01 23:00:00,35.52,219.64,161.01,0.933,OK
M-105,2026-09-02 00:00:00,28.07,220.32,122.68,0.924,OK
M-105,2026-09-02 01:00:00,26.04,221.06,125.75,0.925,OK
M-105,2026-09-02 02:00:00,28.37,220.02,122.24,0.961,OK
M-105,2026-09-02 03:00:00,28.57,222.29,126.23,0.929,OK
M-105,2026-09-02 04:00:00,25.88,219.69,121.67,0.905,OK
M-105,2026-09-02 05:00:00,27.05,220.94,122.21,0.945,OK
M-105,2026-09-02 06:00:00,34.06,220.87,160.01,0.928,OK
M-105,2026-09-02 07:00:00,34.22,218.69,151.56,0.929,OK
M-105,2026-09-02 08:00:00,42.67,219.38,189.8,0.922,OK
M-105,2026-09-02 09:00:00,42.82,220.48,193.92,0.94,OK
M-105,2026-09-02 10:00:00,40.25,219.51,190.78,0.934,OK
M-105,2026-09-02 11:00:00,42.67,220.97,196.92,0.925,OK
M-105,2026-09-02 12:00:00,43.58,219.03,194.56,0.953,OK
M-105,2026-09-02 13:00:00,42.32,220.55,188.41,0.943,OK
M-105,2026-09-02 14:00:00,42.22,219.14,192.53,0.949,OK
M-105,2026-09-02 15:00:00,42.49,220.43,193.14,0.923,OK
M-105,2026-09-02 16:00:00,41.22,220.68,186.01,0.922,OK
M-105,2026-09-02 17:00:00,42.76,220.72,193.75,0.922,OK
M-105,2026-09-02 18:00:00,34.86,222.06,163.25,0.955,OK
M-105,2026-09-02 19:00:00,35.47,220.86,155.22,0.938,OK
M-105,2026-09-02 20:00:00,35.8,219.79,156.34,0.942,OK
M-105,2026-09-02 21:00:00,35.33,219.3,159.72,0.92,OK
M-105,2026-09-02 22:00:00,37.4,220.54,165.71,0.92,OK
M-105,2026-09-02 23:00:00,33.8,221.61,159.77,0.922,OK
M-105,2026-09-03 00:00:00,27.17,221.04,124.43,0.935,OK
M-105,2026-09-03 01:00:00,25.01,221.35,125.7,0.939,OK
M-105,2026-09-03 02:00:00,27.97,218.99,122.42,0.955,OK
M-105,2026-09-03 03:00:00,27.94,221.8,125.31,0.924,OK
M-105,2026-09-03 04:00:00,26.53,219.32,124.31,0.952,OK
M-105,2026-09-03 05:00:00,27.08,220.08,120.86,0.943,OK
M-105,2026-09-03 06:00:00,36.36,220.55,159.42,0.945,OK
M-105,2026-09-03 07:00:00,34.68,220.35,156.09,0.935,OK
M-105,2026-09-03 08:00:00,45.09,220.76,196.67,0.946,OK
M-105,2026-09-03 09:00:00,42.43,219.74,188.86,0.942,OK
M-105,2026-09-03 10:00:00,42.9,221.11,194.05,0.93,OK
M-105,2026-09-03 11:00:00,41.54,220.93,196.99,0.934,OK
M-105,2026-09-03 12:00:00,42.4,220.04,192.33,0.947,OK
M-105,2026-09-03 13:00:00,46.36,220.8,193.21,0.915,OK
M-105,2026-09-03 14:00:00,41.83,220.48,196.33,0.874,OK
M-105,2026-09-03 15:00:00,43.57,217.6,198.39,0.963,OK
M-105,2026-09-03 16:00:00,38.4,219.99,195.45,0.905,OK
M-105,2026-09-03 17:00:00,43.23,220.44,196.09,0.949,OK
M-105,2026-09-03 18:00:00,34.34,220.83,152.66,0.966,OK
M-105,2026-09-03 19:00:00,36.65,218.18,152.28,0.927,OK
M-105,2026-09-03 20:00:00,32.57,220.47,158.37,0.919,OK
M-105,2026-09-03 21:00:00,36.13,219.34,160.04,0.937,OK
M-105,2026-09-03 22:00:00,32.04,220.01,157.24,0.943,OK
M-105,2026-09-03 23:00:00,35.53,219.68,158.97,0.944,OK
M-105,2026-09-04 00:00:00,28.86,220.38,123.55,0.937,OK
M-105,2026-09-04 01:00:00,26.39,219.33,125.41,0.946,OK
M-105,2026-09-04 02:00:00,27.4,219.61,122.93,0.932,OK
M-105,2026-09-04 03:00:00,24.89,220.28,124.99,0.953,OK
M-105,2026-09-04 04:00:00,26.56,219.54,129.53,0.927,OK
M-105,2026-09-04 05:00:00,25.87,221.84,118.64,0.961,OK
M-105,2026-09-04 06:00:00,35.86,222.17,155.55,0.935,OK
M-105,2026-09-04 07:00:00,34.56,220.79,162.55,0.973,OK
M-105,2026-09-04 08:00:00,42.93,219.27,191.45,0.912,OK
M-105,2026-09-04 09:00:00,42.14,220.72,196.07,0.94,OK
M-105,2026-09-04 10:00:00,41.07,221.22,193.32,0.946,OK
M-105,2026-09-04 11:00:00,42.81,221.04,190.25,0.893,OK
M-105,2026-09-04 12:00:00,43.13,218.19,200.35,0.936,OK
M-105,2026-09-04 13:00:00,42.55,221.24,191.25,0.947,OK
M-105,2026-09-04 14:00:00,42.79,220.02,195.03,0.988,OK
M-105,2026-09-04 15:00:00,42.79,217.95,193.23,0.932,OK
M-105,2026-09-04 16:00:00,44.28,217.41,188.63,0.94,OK
M-105,2026-09-04 17:00:00,44.62,219.6,192.77,0.912,OK
M-105,2026-09-04 18:00:00,35.64,217.86,160.22,0.957,OK
M-105,2026-09-04 19:00:00,36.11,220.7,161.64,0.95,OK
M-105,2026-09-04 20:00:00,35.74,217.82,160.85,0.917,OK
M-105,2026-09-04 21:00:00,33.86,220.47,157.85,0.945,OK
M-105,2026-09-04 22:00:00,36.64,218.95,161.69,0.944,OK
M-105,2026-09-04 23:00:00,33.69,220.39,157.68,0.889,OK
M-105,2026-09-05 00:00:00,30.98,219.29,125.54,0.969,OK
M-105,2026-09-05 01:00:00,26.84,219.42,124.24,0.965,OK
M-105,2026-09-05 02:00:00,27.2,221.44,124.29,0.949,OK
M-105,2026-09-05 03:00:00,27.28,223.05,127.17,0.945,OK
M-105,2026-09-05 04:00:00,27.54,221.57,124.35,0.931,OK
M-105,2026-09-05 05:00:00,26.94,218.58,119.23,0.932,OK
M-105,2026-09-05 06:00:00,34.88,220.64,163.55,0.926,OK
M-105,2026-09-05 07:00:00,33.87,221.35,162.36,0.94,OK
M-105,2026-09-05 08:00:00,41.9,218.81,196.01,0.946,OK
M-105,2026-09-05 09:00:00,45.97,219.07,193.26,0.946,OK
M-105,2026-09-05 10:00:00,41.85,220.84,188.46,0.957,OK
M-105,2026-09-05 11:00:00,42.09,218.85,191.51,0.938,OK
M-105,2026-09-05 12:00:00,41.72,222.27,189.61,0.947,OK
M-105,2026-09-05 13:00:00,43.42,220.93,195.29,0.934,OK
M-105,2026-09-05 14:00:00,42.97,220.53,191.83,0.945,OK
M-105,2026-09-05 15:00:00,41.99,220.18,188.65,0.937,OK
M-105,2026-09-05 16:00:00,39.72,221.16,194.16,0.978,OK
M-105,2026-09-05 17:00:00,41.97,218.67,191.02,0.943,OK
M-105,2026-09-05 18:00:00,35.26,219.79,155.81,0.91,OK
M-105,2026-09-05 19:00:00,36.35,219.96,155.93,0.919,OK
M-105,2026-09-05 20:00:00,34.09,219.99,157.4,0.947,OK
M-105,2026-09-05 21:00:00,37.12,221.15,160.44,0.962,OK
M-105,2026-09-05 22:00:00,35.81,221.21,158.13,0.956,OK
M-105,2026-09-05 23:00:00,35.93,218.99,153.88,0.936,OK
M-105,2026-09-06 00:00:00,28.53,221.36,123.78,0.96,OK
M-105,2026-09-06 01:00:00,29.16,218.76,127.46,0.947,OK
M-105,2026-09-06 02:00:00,26.45,219.66,118.89,0.96,OK
M-105,2026-09-06 03:00:00,28.05,220.21,129.89,0.977,OK
M-105,2026-09-06 04:00:00,27.63,218.46,123.91,0.957,OK
M-105,2026-09-06 05:00:00,26.61,221.54,121.9,0.957,OK
M-105,2026-09-06 06:00:00,36.66,219.94,157.15,0.939,OK
M-105,2026-09-06 07:00:00,36.13,220.44,162.9,0.97,OK
M-105,2026-09-06 08:00:00,43.91,220.99,191.94,0.966,OK
M-105,2026-09-06 09:00:00,45.56,220.03,196.2,0.937,OK
M-105,2026-09-06 10:00:00,43.42,220.52,197.66,0.947,OK
M-105,2026-09-06 11:00:00,42.64,219.81,191.66,0.942,OK
M-105,2026-09-06 12:00:00,45.14,220.06,191.92,0.927,OK
M-105,2026-09-06 13:00:00,43.63,221.95,196.74,0.943,OK
M-105,2026-09-06 14:00:00,43.42,220.63,192.18,0.945,OK
M-105,2026-09-06 15:00:00,42.65,220.54,193.05,0.936,OK
M-105,2026-09-06 16:00:00,42.2,223.25,197.76,0.922,OK
M-105,2026-09-06 17:00:00,40.67,219.88,189.77,0.953,OK
M-105,2026-09-06 18:00:00,35.85,220.63,158.76,0.93,OK
M-105,2026-09-06 19:00:00,34.59,218.1,158.18,0.923,OK
M-105,2026-09-06 20:00:00,33.28,220.29,160.53,0.949,OK
M-105,2026-09-06 21:00:00,32.2,220.8,153.79,0.898,OK
M-105,2026-09-06 22:00:00,36.8,221.01,152.77,0.927,OK
M-105,2026-09-06 23:00:00,36.53,217.27,167.86,0.95,OK
M-105,2026-09-07 00:00:00,24.65,219.75,125.12,0.942,OK
M-105,2026-09-07 01:00:00,25.99,218.26,126.18,0.959,OK
M-105,2026-09-07 02:00:00,26.75,221.91,119.63,0.939,OK
M-105,2026-09-07 03:00:00,30.22,219.04,127.5,0.939,OK
M-105,2026-09-07 04:00:00,27.54,220.53,128.42,0.943,OK
M-105,2026-09-07 05:00:00,27.06,221.57,123.69,0.94,OK
M-105,2026-09-07 06:00:00,34.37,219.34,156.55,0.919,OK
M-105,2026-09-07 07:00:00,33.83,219.75,162.74,0.951,OK
M-105,2026-09-07 08:00:00,38.84,219.81,194.34,0.933,OK
M-105,2026-09-07 09:00:00,42.83,217.45,191.15,0.954,OK
M-105,2026-09-07 10:00:00,42.92,218.84,191.7,0.918,OK
M-105,2026-09-07 11:00:00,42.9,220.24,197.48,0.919,OK
M-105,2026-09-07 12:00:00,42.9,221.04,192.48,0.949,OK
M-105,2026-09-07 13:00:00,38.08,218.8,194.28,0.919,OK
M-105,2026-09-07 14:00:00,42.28,218.03,193.87,0.951,OK
M-105,2026-09-07 15:00:00,43.71,218.96,192.78,0.925,OK
M-105,2026-09-07 16:00:00,44.1,221.28,188.11,0.938,OK
M-105,2026-09-07 17:00:00,42.42,219.82,187.52,0.949,OK
M-105,2026-09-07 18:00:00,32.96,220.11,159.74,0.93,OK
M-105,2026-09-07 19:00:00,36.24,220.42,151.63,0.964,OK
M-105,2026-09-07 20:00:00,37.12,219.64,159.41,0.93,OK
M-105,2026-09-07 21:00:00,34.51,219.03,159.87,0.951,OK
M-105,2026-09-07 22:00:00,38.16,218.39,158.05,0.92,OK
M-105,2026-09-07 23:00:00,36.12,221.05,158.06,0.932,OK
M-105,2026-09-08 00:00:00,28.61,219.12,123.37,0.934,OK
M-105,2026-09-08 01:00:00,25.56,219.88,129.81,0.95,OK
M-105,2026-09-08 02:00:00,26.55,219.72,120.68,0.957,OK
M-105,2026-09-08 03:00:00,26.58,220.19,121.23,0.947,OK
M-105,2026-09-08 04:00:00,29.82,220.77,124.9,0.951,OK
M-105,2026-09-08 05:00:00,25.63,218.7,120.95,0.92,OK
M-105,2026-09-08 06:00:00,36.15,220.1,159.11,0.901,OK
M-105,2026-09-08 07:00:00,38.04,222.46,155.56,0.918,OK
M-105,2026-09-08 08:00:00,41.34,220.43,186.03,0.923,OK
M-105,2026-09-08 09:00:00,40.95,220.93,188.52,0.951,OK
M-105,2026-09-08 10:00:00,45.28,220.26,190.58,0.921,OK
M-105,2026-09-08 11:00:00,42.06,220.56,191.08,0.955,OK
M-105,2026-09-08 12:00:00,44.05,221.2,190.11,0.939,OK
M-105,2026-09-08 13:00:00,42.07,219.33,190.51,0.966,OK
M-105,2026-09-08 14:00:00,43.02,219.69,193.16,0.977,OK
M-105,2026-09-08 15:00:00,44.52,219.67,190.48,0.937,OK
M-105,2026-09-08 16:00:00,42.78,220.53,190.54,0.962,OK
M-105,2026-09-08 17:00:00,40.59,219.42,189.26,0.933,OK
M-105,2026-09-08 18:00:00,37.96,221.13,161.25,0.936,OK
M-105,2026-09-08 19:00:00,34.53,220.94,153.88,0.947,OK
M-105,2026-09-08 20:00:00,36.89,219.83,157.61,0.943,OK
M-105,2026-09-08 21:00:00,36.3,220.88,153.83,0.94,OK
M-105,2026-09-08 22:00:00,33.37,219.84,151.99,0.962,OK
M-105,2026-09-08 23:00:00,37.47,222.35,159.31,0.939,OK
M-105,2026-09-09 00:00:00,28.79,219.38,122.49,0.93,OK
M-105,2026-09-09 01:00:00,24.27,219.23,127.7,0.928,OK
M-105,2026-09-09 02:00:00,25.59,222.12,123.23,0.971,OK
M-105,2026-09-09 03:00:00,24.87,218.76,122.78,0.955,OK
M-105,2026-09-09 04:00:00,27.79,220.09,121.93,0.933,OK
M-105,2026-09-09 05:00:00,29.78,220.8,125.48,0.9,OK
M-105,2026-09-09 06:00:00,34.86,221.59,164.49,0.912,OK
M-105,2026-09-09 07:00:00,34.49,222.05,154.64,0.944,OK
M-105,2026-09-09 08:00:00,41.41,216.87,192.74,0.924,OK
M-105,2026-09-09 09:00:00,42.61,217.67,195.18,0.934,OK
M-105,2026-09-09 10:00:00,44.07,220.28,188.29,0.941,OK
M-105,2026-09-09 11:00:00,45.13,219.79,191.95,0.953,OK
M-105,2026-09-09 12:00:00,40.57,219.45,191.98,0.938,OK
M-105,2026-09-09 13:00:00,43.83,219.1,194.3,0.942,OK
M-105,2026-09-09 14:00:00,44.8,220.17,190.15,0.937,OK
M-105,2026-09-09 15:00:00,42.47,221.69,187.75,0.928,OK
M-105,2026-09-09 16:00:00,44.1,219.25,190.78,0.958,OK
M-105,2026-09-09 17:00:00,44.05,220.91,193.27,0.936,OK
M-105,2026-09-09 18:00:00,34.95,221.08,156.26,0.93,OK
M-105,2026-09-09 19:00:00,37.19,220.02,157.29,0.951,OK
M-105,2026-09-09 20:00:00,35.0,219.96,157.35,0.953,OK
M-105,2026-09-09 21:00:00,33.97,220.01,157.86,0.953,OK
M-105,2026-09-09 22:00:00,34.81,219.81,163.66,0.936,OK
M-105,2026-09-09 23:00:00,34.7,218.76,154.29,0.932,OK
M-105,2026-09-10 00:00:00,29.06,219.42,123.74,0.958,OK
M-105,2026-09-10 01:00:00,29.69,218.98,127.61,0.933,OK
M-105,2026-09-10 02:00:00,30.08,219.68,124.56,0.951,OK
M-105,2026-09-10 03:00:00,28.87,220.26,122.13,0.954,OK
M-105,2026-09-10 04:00:00,25.62,218.66,123.88,0.925,OK
M-105,2026-09-10 05:00:00,26.52,219.61,125.27,0.93,OK
M-105,2026-09-10 06:00:00,35.04,220.51,154.8,0.957,OK
M-105,2026-09-10 07:00:00,34.84,220.45,157.63,0.91,OK
M-105,2026-09-10 08:00:00,43.37,219.85,201.95,0.938,OK
M-105,2026-09-10 09:00:00,43.68,221.17,197.58,0.908,OK
M-105,2026-09-10 10:00:00,43.41,220.75,200.36,0.923,OK
M-105,2026-09-10 11:00:00,42.98,221.48,188.8,0.926,OK
M-105,2026-09-10 12:00:00,42.67,219.34,190.07,0.962,OK
M-105,2026-09-10 13:00:00,42.72,218.63,190.96,0.912,OK
M-105,2026-09-10 14:00:00,40.68,221.18,192.98,0.932,OK
M-105,2026-09-10 15:00:00,44.92,219.71,190.49,0.924,OK
M-105,2026-09-10 16:00:00,44.05,217.89,198.93,0.935,OK
M-105,2026-09-10 17:00:00,44.46,220.68,188.3,0.958,OK
M-105,2026-09-10 18:00:00,35.08,222.11,159.89,0.969,OK
M-105,2026-09-10 19:00:00,34.87,218.9,156.64,0.955,OK
M-105,2026-09-10 20:00:00,32.9,220.12,157.48,0.932,OK
M-105,2026-09-10 21:00:00,35.38,219.85,165.93,0.933,OK
M-105,2026-09-10 22:00:00,36.48,221.73,158.96,0.942,OK
M-105,2026-09-10 23:00:00,34.59,218.06,152.89,0.912,OK
M-105,2026-09-11 00:00:00,27.93,221.51,119.75,0.94,OK
M-105,2026-09-11 01:00:00,26.99,220.75,121.31,0.928,OK
M-105,2026-09-11 02:00:00,25.88,220.43,127.41,0.936,OK
M-105,2026-09-11 03:00:00,28.32,220.46,123.87,0.928,OK
M-105,2026-09-11 04:00:00,30.47,221.87,122.1,0.937,OK
M-105,2026-09-11 05:00:00,28.57,221.38,126.04,0.927,OK
M-105,2026-09-11 06:00:00,36.57,219.69,163.78,0.941,OK
M-105,2026-09-11 07:00:00,34.17,222.05,157.2,0.925,OK
M-105,2026-09-11 08:00:00,41.15,220.75,197.47,0.972,OK
M-105,2026-09-11 09:00:00,41.88,219.21,193.02,0.942,OK
M-105,2026-09-11 10:00:00,39.9,220.39,194.69,0.939,OK
M-105,2026-09-11 11:00:00,41.97,220.87,189.96,0.922,OK
M-105,2026-09-11 12:00:00,43.33,221.78,198.86,0.917,OK
M-105,2026-09-11 13:00:00,41.75,219.92,193.9,0.919,OK
M-105,2026-09-11 14:00:00,43.14,222.3,192.61,0.936,OK
M-105,2026-09-11 15:00:00,44.31,218.77,188.84,0.951,OK
M-105,2026-09-11 16:00:00,44.19,220.03,189.77,0.919,OK
M-105,2026-09-11 17:00:00,42.29,219.48,195.15,0.936,OK
M-105,2026-09-11 18:00:00,33.27,222.11,156.29,0.941,OK
M-105,2026-09-11 19:00:00,33.46,218.08,157.3,0.925,OK
M-105,2026-09-11 20:00:00,37.0,222.27,157.81,0.939,OK
M-105,2026-09-11 21:00:00,34.91,216.79,160.16,0.943,OK
M-105,2026-09-11 22:00:00,34.89,221.16,162.7,0.923,OK
M-105,2026-09-11 23:00:00,36.82,218.91,157.45,0.943,OK
M-105,2026-09-12 00:00:00,27.06,220.41,128.46,0.943,OK
M-105,2026-09-12 01:00:00,28.71,220.94,127.12,0.961,OK
M-105,2026-09-12 02:00:00,28.27,221.49,124.34,0.939,OK
M-105,2026-09-12 03:00:00,27.41,221.95,129.0,0.94,OK
M-105,2026-09-12 04:00:00,26.68,220.96,128.23,0.945,OK
M-105,2026-09-12 05:00:00,26.88,219.97,124.84,0.93,OK
M-105,2026-09-12 06:00:00,35.15,219.55,159.04,0.954,OK
M-105,2026-09-12 07:00:00,36.89,219.67,161.15,0.951,OK
M-105,2026-09-12 08:00:00,42.68,220.81,188.93,0.942,OK
M-105,2026-09-12 09:00:00,46.45,220.85,197.01,0.944,OK
M-105,2026-09-12 10:00:00,42.81,217.91,189.63,0.927,OK
M-105,2026-09-12 11:00:00,42.49,219.35,186.32,0.936,OK
M-105,2026-09-12 12:00:00,42.24,219.59,190.65,0.966,OK
M-105,2026-09-12 13:00:00,43.55,219.92,190.96,0.94,OK
M-105,2026-09-12 14:00:00,41.41,221.21,190.33,0.934,OK
M-105,2026-09-12 15:00:00,40.92,220.14,192.51,0.91,OK
M-105,2026-09-12 16:00:00,42.5,220.54,195.24,0.973,OK
M-105,2026-09-12 17:00:00,44.44,223.36,196.99,0.951,OK
M-105,2026-09-12 18:00:00,35.2,219.33,161.16,0.942,OK
M-105,2026-09-12 19:00:00,33.99,219.22,159.43,0.93,OK
M-105,2026-09-12 20:00:00,35.58,217.69,157.83,0.918,OK
M-105,2026-09-12 21:00:00,33.24,220.5,155.59,0.943,OK
M-105,2026-09-12 22:00:00,36.56,221.29,160.5,0.949,OK
M-105,2026-09-12 23:00:00,35.27,221.1,161.54,0.946,OK
M-105,2026-09-13 00:00:00,29.27,219.65,116.8,0.935,OK
M-105,2026-09-13 01:00:00,29.09,218.26,128.55,0.961,OK
M-105,2026-09-13 02:00:00,25.6,219.72,120.42,0.935,OK
M-105,2026-09-13 03:00:00,25.02,220.82,125.79,0.956,OK
M-105,2026-09-13 04:00:00,26.71,219.96,123.72,0.965,OK
M-105,2026-09-13 05:00:00,23.11,220.01,120.97,0.924,OK
M-105,2026-09-13 06:00:00,34.57,219.21,157.86,0.941,OK
M-105,2026-09-13 07:00:00,35.9,219.46,157.53,0.938,OK
M-105,2026-09-13 08:00:00,42.55,220.55,187.42,0.933,OK
M-105,2026-09-13 09:00:00,44.45,221.4,194.41,0.925,OK
M-105,2026-09-13 10:00:00,42.0,219.15,188.91,0.959,OK
M-105,2026-09-13 11:00:00,44.79,219.45,189.2,0.939,OK
M-105,2026-09-13 12:00:00,43.44,218.08,187.36,0.947,OK
M-105,2026-09-13 13:00:00,39.64,220.19,191.3,0.946,OK
M-105,2026-09-13 14:00:00,42.35,221.01,191.54,0.944,OK
M-105,2026-09-13 15:00:00,41.59,220.46,192.75,0.966,OK
M-105,2026-09-13 16:00:00,43.74,219.27,196.28,0.932,OK
M-105,2026-09-13 17:00:00,42.21,218.79,192.21,0.959,OK
M-105,2026-09-13 18:00:00,36.29,220.77,157.32,0.943,OK
M-105,2026-09-13 19:00:00,36.04,219.83,154.21,0.939,OK
M-105,2026-09-13 20:00:00,35.9,217.0,156.35,0.924,OK
M-105,2026-09-13 21:00:00,34.87,222.02,158.43,0.949,OK
M-105,2026-09-13 22:00:00,35.08,221.33,158.14,0.931,OK
M-105,2026-09-13 23:00:00,34.75,221.7,154.97,0.946,OK
M-105,2026-09-14 00:00:00,26.3,220.61,123.5,0.936,OK
M-105,2026-09-14 01:00:00,26.56,220.41,121.88,0.935,OK
M-105,2026-09-14 02:00:00,26.68,220.09,119.83,0.937,OK
M-105,2026-09-14 03:00:00,26.88,220.9,124.44,0.951,OK
M-105,2026-09-14 04:00:00,28.19,219.32,123.12,0.924,OK
M-105,2026-09-14 05:00:00,26.47,219.06,123.9,0.941,OK
M-105,2026-09-14 06:00:00,33.51,220.98,153.26,0.933,OK
M-105,2026-09-14 07:00:00,33.7,220.51,154.96,0.961,OK
M-105,2026-09-14 08:00:00,41.96,221.29,191.99,0.913,OK
M-105,2026-09-14 09:00:00,45.51,216.75,199.97,0.939,OK
M-105,2026-09-14 10:00:00,41.48,219.5,191.85,0.952,OK
M-105,2026-09-14 11:00:00,42.39,219.79,189.91,0.948,OK
M-105,2026-09-14 12:00:00,40.78,222.39,187.7,0.93,OK
M-105,2026-09-14 13:00:00,42.35,220.66,191.45,0.967,OK
M-105,2026-09-14 14:00:00,43.43,218.34,188.08,0.934,OK
M-105,2026-09-14 15:00:00,42.16,220.98,187.47,0.924,OK
M-105,2026-09-14 16:00:00,44.8,219.7,198.1,0.947,OK
M-105,2026-09-14 17:00:00,40.71,219.4,194.51,0.924,OK
M-105,2026-09-14 18:00:00,34.53,219.61,156.84,0.954,OK
M-105,2026-09-14 19:00:00,33.78,218.41,163.45,0.964,OK
M-105,2026-09-14 20:00:00,33.44,219.41,158.24,0.935,OK
M-105,2026-09-14 21:00:00,36.16,221.43,162.74,0.934,OK
M-105,2026-09-14 22:00:00,35.24,218.81,155.89,0.923,OK
M-105,2026-09-14 23:00:00,34.3,217.71,158.99,0.939,OK
M-106,2026-09-01 00:00:00,45.51,219.3,197.77,0.899,OK
M-106,2026-09-01 01:00:00,43.4,221.33,187.45,0.917,OK
M-106,2026-09-01 02:00:00,46.14,221.1,189.22,0.918,OK
M-106,2026-09-01 03:00:00,41.82,220.71,190.29,0.93,OK
M-106,2026-09-01 04:00:00,46.05,219.29,197.42,0.905,OK
M-106,2026-09-01 05:00:00,39.74,219.07,198.82,0.942,OK
M-106,2026-09-01 06:00:00,55.33,219.63,249.39,0.93,OK
M-106,2026-09-01 07:00:00,54.25,220.84,247.29,0.918,OK
M-106,2026-09-01 08:00:00,64.48,219.92,304.2,0.927,OK
M-106,2026-09-01 09:00:00,65.17,222.08,298.77,0.943,OK
M-106,2026-09-01 10:00:00,67.85,219.64,301.24,0.941,OK
M-106,2026-09-01 11:00:00,65.37,222.25,300.5,0.919,OK
M-106,2026-09-01 12:00:00,69.62,220.62,298.2,0.951,OK
M-106,2026-09-01 13:00:00,66.14,218.6,301.61,0.936,OK
M-106,2026-09-01 14:00:00,64.54,218.52,302.12,0.943,OK
M-106,2026-09-01 15:00:00,68.39,218.62,302.31,0.943,OK
M-106,2026-09-01 16:00:00,65.35,217.89,299.08,0.91,OK
M-106,2026-09-01 17:00:00,63.17,220.89,300.53,0.914,OK
M-106,2026-09-01 18:00:00,54.99,220.08,246.23,0.949,OK
M-106,2026-09-01 19:00:00,53.58,218.12,249.55,0.943,OK
M-106,2026-09-01 20:00:00,53.33,219.85,251.55,0.929,OK
M-106,2026-09-01 21:00:00,55.62,221.31,247.04,0.909,OK
M-106,2026-09-01 22:00:00,55.84,220.42,247.23,0.913,OK
M-106,2026-09-01 23:00:00,54.38,220.3,245.18,0.921,OK
M-106,2026-09-02 00:00:00,41.4,220.16,194.23,0.911,OK
M-106,2026-09-02 01:00:00,42.22,222.81,191.38,0.936,OK
M-106,2026-09-02 02:00:00,43.03,217.62,197.92,0.882,OK
M-106,2026-09-02 03:00:00,41.68,219.72,190.26,0.923,OK
M-106,2026-09-02 04:00:00,44.32,220.48,190.99,0.92,OK
M-106,2026-09-02 05:00:00,43.18,221.66,192.84,0.918,OK
M-106,2026-09-02 06:00:00,57.83,220.89,246.03,0.919,OK
M-106,2026-09-02 07:00:00,53.62,219.64,250.3,0.88,OK
M-106,2026-09-02 08:00:00,59.95,221.48,306.22,0.948,OK
M-106,2026-09-02 09:00:00,66.04,219.5,298.52,0.92,OK
M-106,2026-09-02 10:00:00,64.07,222.69,307.35,0.927,OK
M-106,2026-09-02 11:00:00,66.06,221.86,298.52,0.921,OK
M-106,2026-09-02 12:00:00,65.5,219.3,303.84,0.922,OK
M-106,2026-09-02 13:00:00,63.2,219.87,305.66,0.937,OK
M-106,2026-09-02 14:00:00,65.68,218.55,301.99,0.931,OK
M-106,2026-09-02 15:00:00,64.33,220.0,300.94,0.922,OK
M-106,2026-09-02 16:00:00,62.67,220.95,301.71,0.914,OK
M-106,2026-09-02 17:00:00,65.63,219.85,302.89,0.905,OK
M-106,2026-09-02 18:00:00,54.21,218.74,251.38,0.914,OK
M-106,2026-09-02 19:00:00,51.52,219.89,251.22,0.907,OK
M-106,2026-09-02 20:00:00,54.46,218.76,244.79,0.898,OK
M-106,2026-09-02 21:00:00,52.15,219.12,252.47,0.927,OK
M-106,2026-09-02 22:00:00,52.61,218.77,250.68,0.921,OK
M-106,2026-09-02 23:00:00,54.39,220.76,255.38,0.911,OK
M-106,2026-09-03 00:00:00,43.85,218.04,200.81,0.907,OK
M-106,2026-09-03 01:00:00,42.01,219.6,193.15,0.9,OK
M-106,2026-09-03 02:00:00,45.29,219.76,190.13,0.936,OK
M-106,2026-09-03 03:00:00,42.42,218.38,191.46,0.917,OK
M-106,2026-09-03 04:00:00,40.97,218.32,195.02,0.932,OK
M-106,2026-09-03 05:00:00,42.71,221.73,194.97,0.913,OK
M-106,2026-09-03 06:00:00,52.83,219.77,246.76,0.919,OK
M-106,2026-09-03 07:00:00,52.62,219.33,242.33,0.925,OK
M-106,2026-09-03 08:00:00,66.35,222.35,306.0,0.931,OK
M-106,2026-09-03 09:00:00,68.85,222.05,304.7,0.948,OK
M-106,2026-09-03 10:00:00,67.98,219.75,304.52,0.919,OK
M-106,2026-09-03 11:00:00,65.4,219.14,304.26,0.917,OK
M-106,2026-09-03 12:00:00,61.37,219.74,307.57,0.927,OK
M-106,2026-09-03 13:00:00,69.0,221.73,303.3,0.901,OK
M-106,2026-09-03 14:00:00,70.87,220.25,305.66,0.941,OK
M-106,2026-09-03 15:00:00,63.74,221.73,301.53,0.892,OK
M-106,2026-09-03 16:00:00,67.2,222.36,304.0,0.896,OK
M-106,2026-09-03 17:00:00,69.3,219.46,300.72,0.902,OK
M-106,2026-09-03 18:00:00,52.1,218.67,249.61,0.931,OK
M-106,2026-09-03 19:00:00,52.95,219.37,244.76,0.925,OK
M-106,2026-09-03 20:00:00,53.73,220.84,248.5,0.936,OK
M-106,2026-09-03 21:00:00,53.66,220.09,245.27,0.927,OK
M-106,2026-09-03 22:00:00,51.36,219.14,245.73,0.917,OK
M-106,2026-09-03 23:00:00,52.76,218.07,250.52,0.896,OK
M-106,2026-09-04 00:00:00,41.81,218.25,193.87,0.911,OK
M-106,2026-09-04 01:00:00,41.68,220.18,193.22,0.91,OK
M-106,2026-09-04 02:00:00,45.44,219.03,195.86,0.921,OK
M-106,2026-09-04 03:00:00,42.73,219.28,198.04,0.932,OK
M-106,2026-09-04 04:00:00,42.56,221.55,198.87,0.923,OK
M-106,2026-09-04 05:00:00,41.96,219.78,195.92,0.945,OK
M-106,2026-09-04 06:00:00,54.44,219.45,247.18,0.902,OK
M-106,2026-09-04 07:00:00,55.39,221.32,245.94,0.901,OK
M-106,2026-09-04 08:00:00,66.33,217.42,305.85,0.95,OK
M-106,2026-09-04 09:00:00,65.23,220.69,302.82,0.931,OK
M-106,2026-09-04 10:00:00,66.63,220.62,305.39,0.946,OK
M-106,2026-09-04 11:00:00,67.12,221.08,308.29,0.893,OK
M-106,2026-09-04 12:00:00,71.3,221.79,300.68,0.92,OK
M-106,2026-09-04 13:00:00,68.2,220.75,300.33,0.916,OK
M-106,2026-09-04 14:00:00,69.24,221.12,303.72,0.888,OK
M-106,2026-09-04 15:00:00,65.91,220.27,303.63,0.934,OK
M-106,2026-09-04 16:00:00,65.35,221.42,302.55,0.886,OK
M-106,2026-09-04 17:00:00,67.26,218.91,301.4,0.925,OK
M-106,2026-09-04 18:00:00,56.73,219.84,251.52,0.933,OK
M-106,2026-09-04 19:00:00,56.02,219.17,248.14,0.91,OK
M-106,2026-09-04 20:00:00,55.96,218.74,248.27,0.895,OK
M-106,2026-09-04 21:00:00,55.94,220.4,246.76,0.939,OK
M-106,2026-09-04 22:00:00,51.66,219.8,248.26,0.926,OK
M-106,2026-09-04 23:00:00,56.76,220.68,244.41,0.935,OK
M-106,2026-09-05 00:00:00,42.11,220.5,193.99,0.925,OK
M-106,2026-09-05 01:00:00,43.64,218.82,196.08,0.935,OK
M-106,2026-09-05 02:00:00,44.81,218.21,194.96,0.918,OK
M-106,2026-09-05 03:00:00,42.87,219.57,190.97,0.899,OK
M-106,2026-09-05 04:00:00,43.69,218.03,194.9,0.925,OK
M-106,2026-09-05 05:00:00,42.37,219.53,195.95,0.908,OK
M-106,2026-09-05 06:00:00,52.74,220.02,246.79,0.922,OK
M-106,2026-09-05 07:00:00,53.9,219.58,247.13,0.958,OK
M-106,2026-09-05 08:00:00,64.54,223.95,300.73,0.926,OK
M-106,2026-09-05 09:00:00,63.32,218.91,304.93,0.934,OK
M-106,2026-09-05 10:00:00,65.66,221.93,301.08,0.928,OK
M-106,2026-09-05 11:00:00,68.03,219.47,303.7,0.929,OK
M-106,2026-09-05 12:00:00,68.5,222.16,302.8,0.933,OK
M-106,2026-09-05 13:00:00,66.5,220.16,303.15,0.901,OK
M-106,2026-09-05 14:00:00,65.9,219.5,303.06,0.925,OK
M-106,2026-09-05 15:00:00,66.12,220.8,304.72,0.923,OK
M-106,2026-09-05 16:00:00,63.35,219.83,307.77,0.919,OK
M-106,2026-09-05 17:00:00,65.39,221.85,300.93,0.941,OK
M-106,2026-09-05 18:00:00,55.17,220.74,248.08,0.921,OK
M-106,2026-09-05 19:00:00,53.9,219.47,249.41,0.924,OK
M-106,2026-09-05 20:00:00,54.69,219.26,250.21,0.931,OK
M-106,2026-09-05 21:00:00,52.47,219.37,246.68,0.904,OK
M-106,2026-09-05 22:00:00,56.31,219.16,245.49,0.939,OK
M-106,2026-09-05 23:00:00,53.14,218.79,247.84,0.932,OK
M-106,2026-09-06 00:00:00,44.17,220.65,196.62,0.921,OK
M-106,2026-09-06 01:00:00,41.43,221.55,191.96,0.931,OK
M-106,2026-09-06 02:00:00,41.09,219.64,194.52,0.903,OK
M-106,2026-09-06 03:00:00,42.84,218.86,193.15,0.898,OK
M-106,2026-09-06 04:00:00,39.35,219.9,193.29,0.907,OK
M-106,2026-09-06 05:00:00,43.78,220.69,194.2,0.917,OK
M-106,2026-09-06 06:00:00,52.71,218.48,248.74,0.928,OK
M-106,2026-09-06 07:00:00,52.41,219.59,251.15,0.936,OK
M-106,2026-09-06 08:00:00,63.83,220.46,300.37,0.938,OK
M-106,2026-09-06 09:00:00,69.41,222.21,302.52,0.916,OK
M-106,2026-09-06 10:00:00,68.28,220.5,299.57,0.885,OK
M-106,2026-09-06 11:00:00,63.84,218.43,303.8,0.926,OK
M-106,2026-09-06 12:00:00,67.89,218.84,300.9,0.913,OK
M-106,2026-09-06 13:00:00,64.15,220.12,302.1,0.915,OK
M-106,2026-09-06 14:00:00,69.43,221.67,300.24,0.904,OK
M-106,2026-09-06 15:00:00,66.23,221.36,305.95,0.914,OK
M-106,2026-09-06 16:00:00,67.19,219.35,303.66,0.929,OK
M-106,2026-09-06 17:00:00,69.8,220.68,303.82,0.93,OK
M-106,2026-09-06 18:00:00,51.36,218.78,249.78,0.911,OK
M-106,2026-09-06 19:00:00,58.6,219.11,247.64,0.937,OK
M-106,2026-09-06 20:00:00,52.38,221.5,247.06,0.921,OK
M-106,2026-09-06 21:00:00,51.16,219.52,250.03,0.943,OK
M-106,2026-09-06 22:00:00,53.07,222.13,251.55,0.907,OK
M-106,2026-09-06 23:00:00,53.89,218.97,249.57,0.924,OK
M-106,2026-09-07 00:00:00,42.03,220.06,193.66,0.921,OK
M-106,2026-09-07 01:00:00,42.81,219.33,192.6,0.918,OK
M-106,2026-09-07 02:00:00,42.39,220.39,193.08,0.893,OK
M-106,2026-09-07 03:00:00,41.02,218.97,193.56,0.944,OK
M-106,2026-09-07 04:00:00,42.52,219.42,194.93,0.92,OK
M-106,2026-09-07 05:00:00,40.05,218.88,193.89,0.916,OK
M-106,2026-09-07 06:00:00,49.16,221.76,245.02,0.932,OK
M-106,2026-09-07 07:00:00,56.92,220.81,252.56,0.913,OK
M-106,2026-09-07 08:00:00,64.01,220.08,305.84,0.957,OK
M-106,2026-09-07 09:00:00,65.35,219.81,308.32,0.94,OK
M-106,2026-09-07 10:00:00,69.47,219.42,299.33,0.905,OK
M-106,2026-09-07 11:00:00,63.62,219.76,304.4,0.921,OK
M-106,2026-09-07 12:00:00,67.19,221.54,296.83,0.915,OK
M-106,2026-09-07 13:00:00,67.14,221.64,304.26,0.918,OK
M-106,2026-09-07 14:00:00,61.83,220.24,302.57,0.904,OK
M-106,2026-09-07 15:00:00,66.37,218.39,301.32,0.93,OK
M-106,2026-09-07 16:00:00,64.95,219.44,301.18,0.939,OK
M-106,2026-09-07 17:00:00,66.0,219.47,302.64,0.927,OK
M-106,2026-09-07 18:00:00,56.98,220.82,250.34,0.929,OK
M-106,2026-09-07 19:00:00,51.52,219.75,245.77,0.909,OK
M-106,2026-09-07 20:00:00,52.15,218.38,242.78,0.916,OK
M-106,2026-09-07 21:00:00,54.14,220.09,246.02,0.913,OK
M-106,2026-09-07 22:00:00,56.46,220.84,247.92,0.923,OK
M-106,2026-09-07 23:00:00,51.48,218.52,248.13,0.918,OK
M-106,2026-09-08 00:00:00,8.2,218.39,39.11,0.92,OK
M-106,2026-09-08 01:00:00,8.72,219.08,39.42,0.92,OK
M-106,2026-09-08 02:00:00,8.57,218.22,39.81,0.906,OK
M-106,2026-09-08 03:00:00,9.62,217.73,38.72,0.911,OK
M-106,2026-09-08 04:00:00,7.39,220.97,39.02,0.906,OK
M-106,2026-09-08 05:00:00,8.31,217.9,39.43,0.9,OK
M-106,2026-09-08 06:00:00,10.76,219.65,49.23,0.901,OK
M-106,2026-09-08 07:00:00,10.94,220.66,49.59,0.923,OK
M-106,2026-09-08 08:00:00,13.3,220.59,59.61,0.915,OK
M-106,2026-09-08 09:00:00,13.15,219.14,61.11,0.94,OK
M-106,2026-09-08 10:00:00,13.79,218.82,60.93,0.887,OK
M-106,2026-09-08 11:00:00,13.65,219.11,60.55,0.938,OK
M-106,2026-09-08 12:00:00,64.36,220.63,301.13,0.903,OK
M-106,2026-09-08 13:00:00,65.86,220.25,305.67,0.939,OK
M-106,2026-09-08 14:00:00,68.35,217.2,302.42,0.903,OK
M-106,2026-09-08 15:00:00,67.61,219.61,297.75,0.925,OK
M-106,2026-09-08 16:00:00,69.02,219.23,300.67,0.919,OK
M-106,2026-09-08 17:00:00,66.78,221.26,301.94,0.908,OK
M-106,2026-09-08 18:00:00,54.52,219.52,249.74,0.933,OK
M-106,2026-09-08 19:00:00,54.58,220.23,250.77,0.926,OK
M-106,2026-09-08 20:00:00,53.02,221.47,246.51,0.93,OK
M-106,2026-09-08 21:00:00,52.23,217.15,248.94,0.911,OK
M-106,2026-09-08 22:00:00,56.2,220.14,248.02,0.875,OK
M-106,2026-09-08 23:00:00,53.5,220.56,249.41,0.934,OK
M-106,2026-09-09 00:00:00,42.06,218.4,193.9,0.917,OK
M-106,2026-09-09 01:00:00,39.96,218.7,188.86,0.943,OK
M-106,2026-09-09 02:00:00,41.94,219.38,195.06,0.893,OK
M-106,2026-09-09 03:00:00,44.35,219.33,187.88,0.919,OK
M-106,2026-09-09 04:00:00,42.94,217.79,192.22,0.908,OK
M-106,2026-09-09 05:00:00,40.98,221.16,192.08,0.902,OK
M-106,2026-09-09 06:00:00,54.88,221.15,248.87,0.918,OK
M-106,2026-09-09 07:00:00,55.86,220.52,247.88,0.897,OK
M-106,2026-09-09 08:00:00,60.8,220.52,303.53,0.927,OK
M-106,2026-09-09 09:00:00,65.03,219.45,306.87,0.926,OK
M-106,2026-09-09 10:00:00,67.27,219.62,307.56,0.91,OK
M-106,2026-09-09 11:00:00,63.08,220.51,307.06,0.927,OK
M-106,2026-09-09 12:00:00,72.31,218.44,303.38,0.917,OK
M-106,2026-09-09 13:00:00,64.13,219.52,301.21,0.911,OK
M-106,2026-09-09 14:00:00,63.29,220.36,307.18,0.917,OK
M-106,2026-09-09 15:00:00,67.6,220.33,303.81,0.93,OK
M-106,2026-09-09 16:00:00,66.35,220.9,304.41,0.922,OK
M-106,2026-09-09 17:00:00,65.64,219.43,306.99,0.926,OK
M-106,2026-09-09 18:00:00,55.11,219.03,246.57,0.915,OK
M-106,2026-09-09 19:00:00,53.3,219.22,244.03,0.924,OK
M-106,2026-09-09 20:00:00,56.81,216.88,250.06,0.93,OK
M-106,2026-09-09 21:00:00,53.16,219.98,249.76,0.917,OK
M-106,2026-09-09 22:00:00,54.08,221.61,248.33,0.92,OK
M-106,2026-09-09 23:00:00,56.45,220.8,251.22,0.893,OK
M-106,2026-09-10 00:00:00,44.71,220.86,193.03,0.905,OK
M-106,2026-09-10 01:00:00,40.11,218.85,200.33,0.937,OK
M-106,2026-09-10 02:00:00,42.72,219.95,193.14,0.9,OK
M-106,2026-09-10 03:00:00,42.45,219.53,191.15,0.934,OK
M-106,2026-09-10 04:00:00,42.99,221.02,189.95,0.92,OK
M-106,2026-09-10 05:00:00,41.4,219.8,196.64,0.903,OK
M-106,2026-09-10 06:00:00,57.98,219.9,248.35,0.914,OK
M-106,2026-09-10 07:00:00,56.64,218.15,246.83,0.91,OK
M-106,2026-09-10 08:00:00,68.73,219.69,304.9,0.941,OK
M-106,2026-09-10 09:00:00,67.58,219.8,301.6,0.925,OK
M-106,2026-09-10 10:00:00,64.42,220.37,302.41,0.895,OK
M-106,2026-09-10 11:00:00,65.7,221.23,301.49,0.892,OK
M-106,2026-09-10 12:00:00,65.32,221.15,300.95,0.919,OK
M-106,2026-09-10 13:00:00,69.67,219.51,304.39,0.924,OK
M-106,2026-09-10 14:00:00,65.37,218.4,304.98,0.908,OK
M-106,2026-09-10 15:00:00,66.99,217.36,306.08,0.941,OK
M-106,2026-09-10 16:00:00,65.8,216.4,296.75,0.897,OK
M-106,2026-09-10 17:00:00,66.04,220.76,302.2,0.912,OK
M-106,2026-09-10 18:00:00,52.06,220.04,247.16,0.923,OK
M-106,2026-09-10 19:00:00,52.7,219.25,251.1,0.907,OK
M-106,2026-09-10 20:00:00,53.2,219.84,251.62,0.91,OK
M-106,2026-09-10 21:00:00,56.13,220.25,254.83,0.939,OK
M-106,2026-09-10 22:00:00,56.35,220.03,246.58,0.901,OK
M-106,2026-09-10 23:00:00,53.87,219.52,246.52,0.909,OK
M-106,2026-09-11 00:00:00,41.91,219.86,196.0,0.892,OK
M-106,2026-09-11 01:00:00,40.99,220.29,189.84,0.928,OK
M-106,2026-09-11 02:00:00,42.99,220.3,192.04,0.913,OK
M-106,2026-09-11 03:00:00,40.2,220.98,196.63,0.934,OK
M-106,2026-09-11 04:00:00,41.26,219.41,197.94,0.93,OK
M-106,2026-09-11 05:00:00,41.46,217.09,193.73,0.915,OK
M-106,2026-09-11 06:00:00,54.46,222.11,247.17,0.903,OK
M-106,2026-09-11 07:00:00,53.15,219.32,245.69,0.935,OK
M-106,2026-09-11 08:00:00,69.04,219.13,300.3,0.903,OK
M-106,2026-09-11 09:00:00,68.69,219.87,305.76,0.899,OK
M-106,2026-09-11 10:00:00,63.47,220.66,302.91,0.889,OK
M-106,2026-09-11 11:00:00,65.44,219.74,307.25,0.942,OK
M-106,2026-09-11 12:00:00,67.38,219.65,299.15,0.918,OK
M-106,2026-09-11 13:00:00,64.17,221.81,299.49,0.905,OK
M-106,2026-09-11 14:00:00,68.24,219.97,301.09,0.928,OK
M-106,2026-09-11 15:00:00,64.88,217.54,304.1,0.927,OK
M-106,2026-09-11 16:00:00,61.14,221.03,301.72,0.929,OK
M-106,2026-09-11 17:00:00,63.48,219.17,298.89,0.923,OK
M-106,2026-09-11 18:00:00,50.22,220.37,248.36,0.916,OK
M-106,2026-09-11 19:00:00,55.33,219.35,249.07,0.891,OK
M-106,2026-09-11 20:00:00,54.55,219.31,245.54,0.927,OK
M-106,2026-09-11 21:00:00,57.11,220.66,248.29,0.898,OK
M-106,2026-09-11 22:00:00,54.77,221.48,248.22,0.912,OK
M-106,2026-09-11 23:00:00,53.8,219.89,251.58,0.903,OK
M-106,2026-09-12 00:00:00,47.58,219.92,191.16,0.925,OK
M-106,2026-09-12 01:00:00,43.02,219.78,193.83,0.916,OK
M-106,2026-09-12 02:00:00,40.25,219.74,200.85,0.929,OK
M-106,2026-09-12 03:00:00,41.81,219.45,193.34,0.897,OK
M-106,2026-09-12 04:00:00,42.16,221.41,193.18,0.902,OK
M-106,2026-09-12 05:00:00,41.33,221.73,191.7,0.907,OK
M-106,2026-09-12 06:00:00,55.4,219.82,251.31,0.899,OK
M-106,2026-09-12 07:00:00,51.55,218.49,250.98,0.926,OK
M-106,2026-09-12 08:00:00,66.31,220.57,303.53,0.906,OK
M-106,2026-09-12 09:00:00,64.13,219.24,304.54,0.879,OK
M-106,2026-09-12 10:00:00,67.38,220.56,299.29,0.941,OK
M-106,2026-09-12 11:00:00,66.11,220.18,305.39,0.944,OK
M-106,2026-09-12 12:00:00,63.96,220.81,302.38,0.917,OK
M-106,2026-09-12 13:00:00,68.38,222.48,301.1,0.952,OK
M-106,2026-09-12 14:00:00,66.64,221.43,304.06,0.902,OK
M-106,2026-09-12 15:00:00,63.46,220.33,306.17,0.917,OK
M-106,2026-09-12 16:00:00,66.1,219.77,295.24,0.909,OK
M-106,2026-09-12 17:00:00,67.92,220.69,305.39,0.926,OK
M-106,2026-09-12 18:00:00,51.29,220.76,250.17,0.939,OK
M-106,2026-09-12 19:00:00,58.52,219.53,243.32,0.909,OK
M-106,2026-09-12 20:00:00,54.63,219.72,248.44,0.935,OK
M-106,2026-09-12 21:00:00,52.08,218.77,245.28,0.915,OK
M-106,2026-09-12 22:00:00,51.82,219.8,248.25,0.908,OK
M-106,2026-09-12 23:00:00,56.03,221.28,248.22,0.917,OK
M-106,2026-09-13 00:00:00,42.43,219.99,192.71,0.931,OK
M-106,2026-09-13 01:00:00,41.66,219.02,195.96,0.931,OK
M-106,2026-09-13 02:00:00,41.32,220.07,196.96,0.943,OK
M-106,2026-09-13 03:00:00,40.17,219.26,189.97,0.899,OK
M-106,2026-09-13 04:00:00,39.71,219.99,196.26,0.913,OK
M-106,2026-09-13 05:00:00,41.71,221.98,192.61,0.909,OK
M-106,2026-09-13 06:00:00,51.64,219.74,250.79,0.951,OK
M-106,2026-09-13 07:00:00,53.23,221.3,250.94,0.912,OK
M-106,2026-09-13 08:00:00,64.59,220.69,304.62,0.899,OK
M-106,2026-09-13 09:00:00,63.82,220.71,294.79,0.916,OK
M-106,2026-09-13 10:00:00,65.76,218.68,297.33,0.913,OK
M-106,2026-09-13 11:00:00,64.74,220.7,302.75,0.954,OK
M-106,2026-09-13 12:00:00,66.04,219.0,305.75,0.895,OK
M-106,2026-09-13 13:00:00,65.38,220.02,297.61,0.908,OK
M-106,2026-09-13 14:00:00,62.17,219.35,307.61,0.895,OK
M-106,2026-09-13 15:00:00,67.88,221.31,300.21,0.909,OK
M-106,2026-09-13 16:00:00,65.0,220.71,303.43,0.932,OK
M-106,2026-09-13 17:00:00,65.9,220.89,303.99,0.923,OK
M-106,2026-09-13 18:00:00,53.99,220.72,244.06,0.921,OK
M-106,2026-09-13 19:00:00,53.45,218.29,252.23,0.945,OK
M-106,2026-09-13 20:00:00,54.24,219.53,249.35,0.895,OK
M-106,2026-09-13 21:00:00,54.0,220.81,249.4,0.917,OK
M-106,2026-09-13 22:00:00,49.89,222.46,243.78,0.904,OK
M-106,2026-09-13 23:00:00,57.13,219.78,245.6,0.929,OK
M-106,2026-09-14 00:00:00,40.84,220.09,199.18,0.927,OK
M-106,2026-09-14 01:00:00,41.94,221.89,196.38,0.918,OK
M-106,2026-09-14 02:00:00,45.94,220.92,192.57,0.927,OK
M-106,2026-09-14 03:00:00,40.34,220.01,195.04,0.907,OK
M-106,2026-09-14 04:00:00,43.2,219.91,194.84,0.919,OK
M-106,2026-09-14 05:00:00,42.3,220.17,193.3,0.91,OK
M-106,2026-09-14 06:00:00,59.59,219.3,244.17,0.912,OK
M-106,2026-09-14 07:00:00,58.36,220.51,244.44,0.924,OK
M-106,2026-09-14 08:00:00,66.75,221.46,306.11,0.913,OK
M-106,2026-09-14 09:00:00,66.47,220.12,296.81,0.908,OK
M-106,2026-09-14 10:00:00,65.71,220.49,297.34,0.895,OK
M-106,2026-09-14 11:00:00,66.38,218.98,298.72,0.937,OK
M-106,2026-09-14 12:00:00,67.26,221.87,305.85,0.908,OK
M-106,2026-09-14 13:00:00,69.08,220.9,298.0,0.913,OK
M-106,2026-09-14 14:00:00,64.22,221.13,304.24,0.934,OK
M-106,2026-09-14 15:00:00,66.51,220.63,302.8,0.925,OK
M-106,2026-09-14 16:00:00,67.16,221.01,303.01,0.896,OK
M-106,2026-09-14 17:00:00,65.82,220.33,298.25,0.945,OK
M-106,2026-09-14 18:00:00,53.33,220.91,248.78,0.889,OK
M-106,2026-09-14 19:00:00,53.24,216.52,249.49,0.905,OK
M-106,2026-09-14 20:00:00,56.48,220.45,251.41,0.933,OK
M-106,2026-09-14 21:00:00,54.71,219.62,250.07,0.922,OK
M-106,2026-09-14 22:00:00,53.02,221.83,252.19,0.941,OK
M-106,2026-09-14 23:00:00,53.46,221.53,245.54,0.928,OK
M-107,2026-09-01 00:00:00,15.45,221.51,67.22,0.934,OK
M-107,2026-09-01 01:00:00,15.75,222.96,73.26,0.961,OK
M-107,2026-09-01 02:00:00,13.74,223.57,69.71,0.937,OK
M-107,2026-09-01 03:00:00,15.06,221.74,73.36,0.987,OK
M-107,2026-09-01 04:00:00,14.39,222.47,66.15,0.932,OK
M-107,2026-09-01 05:00:00,14.92,222.24,68.92,0.959,OK
M-107,2026-09-01 06:00:00,19.78,222.46,87.11,0.99,OK
M-107,2026-09-01 07:00:00,20.01,219.44,88.62,0.94,OK
M-107,2026-09-01 08:00:00,23.31,220.98,105.92,0.977,OK
M-107,2026-09-01 09:00:00,24.77,219.55,107.04,0.97,OK
M-107,2026-09-01 10:00:00,23.47,221.85,102.34,0.965,OK
M-107,2026-09-01 11:00:00,21.09,220.87,105.05,0.961,OK
M-107,2026-09-01 12:00:00,23.0,221.87,105.02,0.943,OK
M-107,2026-09-01 13:00:00,24.06,219.38,104.19,0.961,OK
M-107,2026-09-01 14:00:00,23.77,220.36,110.29,0.938,OK
M-107,2026-09-01 15:00:00,24.88,222.5,102.95,0.97,OK
M-107,2026-09-01 16:00:00,24.38,220.02,105.46,0.947,OK
M-107,2026-09-01 17:00:00,22.22,221.77,104.63,0.96,OK
M-107,2026-09-01 18:00:00,18.27,221.55,90.35,0.973,OK
M-107,2026-09-01 19:00:00,19.89,221.57,91.5,0.965,OK
M-107,2026-09-01 20:00:00,18.03,220.95,87.95,0.946,OK
M-107,2026-09-01 21:00:00,19.76,221.47,90.22,0.947,OK
M-107,2026-09-01 22:00:00,18.58,221.42,91.61,0.935,OK
M-107,2026-09-01 23:00:00,19.13,221.04,83.09,0.947,OK
M-107,2026-09-02 00:00:00,14.55,219.61,73.87,0.961,OK
M-107,2026-09-02 01:00:00,17.31,220.96,72.35,0.933,OK
M-107,2026-09-02 02:00:00,13.76,220.18,67.89,0.939,OK
M-107,2026-09-02 03:00:00,14.79,221.58,68.81,0.931,OK
M-107,2026-09-02 04:00:00,14.44,220.77,68.64,0.978,OK
M-107,2026-09-02 05:00:00,15.35,221.5,64.28,0.958,OK
M-107,2026-09-02 06:00:00,19.19,223.11,84.68,0.934,OK
M-107,2026-09-02 07:00:00,19.98,221.72,88.92,0.976,OK
M-107,2026-09-02 08:00:00,24.08,222.33,105.84,0.941,OK
M-107,2026-09-02 09:00:00,23.68,219.76,103.64,0.951,OK
M-107,2026-09-02 10:00:00,23.89,221.6,102.41,0.938,OK
M-107,2026-09-02 11:00:00,24.8,219.65,106.46,0.951,OK
M-107,2026-09-02 12:00:00,22.6,221.0,111.33,0.948,OK
M-107,2026-09-02 13:00:00,24.11,219.45,104.51,0.956,OK
M-107,2026-09-02 14:00:00,22.42,222.0,104.22,0.958,OK
M-107,2026-09-02 15:00:00,22.27,219.92,105.66,0.977,OK
M-107,2026-09-02 16:00:00,24.43,221.69,106.26,0.93,OK
M-107,2026-09-02 17:00:00,22.85,221.54,107.83,0.949,OK
M-107,2026-09-02 18:00:00,19.57,220.8,88.56,0.946,OK
M-107,2026-09-02 19:00:00,18.89,221.49,89.02,0.953,OK
M-107,2026-09-02 20:00:00,18.14,221.48,85.32,0.972,OK
M-107,2026-09-02 21:00:00,19.47,221.27,87.08,0.933,OK
M-107,2026-09-02 22:00:00,20.63,220.2,88.88,0.947,OK
M-107,2026-09-02 23:00:00,18.79,220.76,92.26,0.952,OK
M-107,2026-09-03 00:00:00,15.69,221.23,66.9,0.954,OK
M-107,2026-09-03 01:00:00,13.57,220.95,69.88,0.952,OK
M-107,2026-09-03 02:00:00,15.16,222.6,69.9,0.932,OK
M-107,2026-09-03 03:00:00,14.78,221.58,71.12,0.957,OK
M-107,2026-09-03 04:00:00,17.87,222.36,70.96,0.945,OK
M-107,2026-09-03 05:00:00,14.13,221.85,68.18,0.956,OK
M-107,2026-09-03 06:00:00,19.72,220.55,87.68,0.947,OK
M-107,2026-09-03 07:00:00,20.04,219.79,90.84,0.961,OK
M-107,2026-09-03 08:00:00,22.87,220.77,108.93,0.973,OK
M-107,2026-09-03 09:00:00,23.1,221.73,108.06,0.937,OK
M-107,2026-09-03 10:00:00,23.45,220.38,106.72,0.943,OK
M-107,2026-09-03 11:00:00,24.63,221.68,105.72,0.955,OK
M-107,2026-09-03 12:00:00,22.12,219.3,109.08,0.959,OK
M-107,2026-09-03 13:00:00,23.01,219.45,107.55,0.952,OK
M-107,2026-09-03 14:00:00,24.45,220.27,105.1,0.957,OK
M-107,2026-09-03 15:00:00,24.0,223.42,100.22,0.958,OK
M-107,2026-09-03 16:00:00,24.22,218.77,107.09,0.96,OK
M-107,2026-09-03 17:00:00,22.95,220.74,109.15,0.954,OK
M-107,2026-09-03 18:00:00,18.55,219.57,90.91,0.984,OK
M-107,2026-09-03 19:00:00,21.56,222.53,93.22,0.949,OK
M-107,2026-09-03 20:00:00,20.49,219.14,88.03,0.973,OK
M-107,2026-09-03 21:00:00,20.45,219.53,88.23,0.941,OK
M-107,2026-09-03 22:00:00,17.5,219.08,91.16,0.954,OK
M-107,2026-09-03 23:00:00,18.48,221.29,84.04,0.945,OK
M-107,2026-09-04 00:00:00,15.96,220.09,65.32,0.914,OK
M-107,2026-09-04 01:00:00,12.94,223.5,74.51,0.951,OK
M-107,2026-09-04 02:00:00,14.3,222.05,68.22,0.942,OK
M-107,2026-09-04 03:00:00,15.36,220.32,69.08,0.942,OK
M-107,2026-09-04 04:00:00,15.41,221.54,66.19,0.943,OK
M-107,2026-09-04 05:00:00,15.25,220.8,73.27,0.964,OK
M-107,2026-09-04 06:00:00,17.53,221.03,86.91,0.979,OK
M-107,2026-09-04 07:00:00,17.36,222.75,88.03,0.938,OK
M-107,2026-09-04 08:00:00,23.31,221.22,108.52,0.973,OK
M-107,2026-09-04 09:00:00,23.97,220.57,111.5,0.939,OK
M-107,2026-09-04 10:00:00,23.29,221.58,104.04,0.944,OK
M-107,2026-09-04 11:00:00,22.85,219.63,109.02,0.962,OK
M-107,2026-09-04 12:00:00,23.04,220.53,111.0,0.959,OK
M-107,2026-09-04 13:00:00,23.7,221.13,109.75,0.925,OK
M-107,2026-09-04 14:00:00,24.53,221.95,107.26,0.96,OK
M-107,2026-09-04 15:00:00,22.75,221.79,104.78,0.945,OK
M-107,2026-09-04 16:00:00,24.46,222.23,106.99,0.956,OK
M-107,2026-09-04 17:00:00,23.81,221.28,106.4,0.968,OK
M-107,2026-09-04 18:00:00,19.27,221.06,89.91,0.952,OK
M-107,2026-09-04 19:00:00,21.04,221.1,91.93,0.953,OK
M-107,2026-09-04 20:00:00,18.62,221.37,87.8,0.963,OK
M-107,2026-09-04 21:00:00,20.07,222.17,84.99,0.949,OK
M-107,2026-09-04 22:00:00,18.33,222.76,92.33,0.954,OK
M-107,2026-09-04 23:00:00,20.03,222.67,90.62,0.961,OK
M-107,2026-09-05 00:00:00,13.79,222.28,75.15,0.942,OK
M-107,2026-09-05 01:00:00,14.09,220.67,70.63,0.955,OK
M-107,2026-09-05 02:00:00,15.86,219.66,67.42,0.956,OK
M-107,2026-09-05 03:00:00,14.59,219.39,69.56,0.946,OK
M-107,2026-09-05 04:00:00,15.83,220.05,70.94,0.932,OK
M-107,2026-09-05 05:00:00,15.14,221.49,70.8,0.942,OK
M-107,2026-09-05 06:00:00,19.62,221.25,92.83,0.926,OK
M-107,2026-09-05 07:00:00,19.52,219.46,94.45,0.95,OK
M-107,2026-09-05 08:00:00,23.29,221.23,107.81,0.967,OK
M-107,2026-09-05 09:00:00,23.6,220.86,111.35,0.945,OK
M-107,2026-09-05 10:00:00,22.85,221.33,102.07,0.981,OK
M-107,2026-09-05 11:00:00,23.98,220.5,109.58,0.946,OK
M-107,2026-09-05 12:00:00,24.5,222.79,113.55,0.962,OK
M-107,2026-09-05 13:00:00,23.56,220.1,108.15,0.928,OK
M-107,2026-09-05 14:00:00,22.39,220.65,107.67,0.928,OK
M-107,2026-09-05 15:00:00,23.48,219.59,106.56,0.944,OK
M-107,2026-09-05 16:00:00,23.2,222.11,105.67,0.921,OK
M-107,2026-09-05 17:00:00,21.53,221.12,107.53,0.956,OK
M-107,2026-09-05 18:00:00,18.78,220.99,85.57,0.943,OK
M-107,2026-09-05 19:00:00,20.87,220.94,87.35,0.987,OK
M-107,2026-09-05 20:00:00,19.13,221.78,89.99,0.961,OK
M-107,2026-09-05 21:00:00,19.61,221.12,88.9,0.941,OK
M-107,2026-09-05 22:00:00,19.65,222.45,94.41,0.955,OK
M-107,2026-09-05 23:00:00,20.18,220.69,85.71,0.964,OK
M-107,2026-09-06 00:00:00,16.61,220.42,66.81,0.983,OK
M-107,2026-09-06 01:00:00,15.22,221.25,74.59,0.954,OK
M-107,2026-09-06 02:00:00,14.81,222.63,71.95,0.934,OK
M-107,2026-09-06 03:00:00,14.77,220.84,71.87,0.943,OK
M-107,2026-09-06 04:00:00,16.13,220.46,72.43,0.953,OK
M-107,2026-09-06 05:00:00,13.91,221.15,66.43,0.95,OK
M-107,2026-09-06 06:00:00,18.35,219.72,86.17,0.957,OK
M-107,2026-09-06 07:00:00,17.35,218.76,85.29,0.956,OK
M-107,2026-09-06 08:00:00,21.72,222.97,107.62,0.975,OK
M-107,2026-09-06 09:00:00,21.71,219.81,108.42,0.932,OK
M-107,2026-09-06 10:00:00,23.41,221.72,111.2,0.939,OK
M-107,2026-09-06 11:00:00,24.23,220.1,100.79,0.938,OK
M-107,2026-09-06 12:00:00,23.6,220.83,106.91,0.947,OK
M-107,2026-09-06 13:00:00,23.54,221.18,109.14,0.946,OK
M-107,2026-09-06 14:00:00,23.92,220.33,110.0,0.949,OK
M-107,2026-09-06 15:00:00,24.68,223.17,104.21,0.93,OK
M-107,2026-09-06 16:00:00,23.17,223.63,104.67,0.942,OK
M-107,2026-09-06 17:00:00,23.02,221.11,106.41,0.945,OK
M-107,2026-09-06 18:00:00,19.19,221.07,77.73,0.95,OK
M-107,2026-09-06 19:00:00,20.36,220.77,92.25,0.962,OK
M-107,2026-09-06 20:00:00,18.22,220.31,90.62,0.932,OK
M-107,2026-09-06 21:00:00,19.13,221.22,92.52,0.972,OK
M-107,2026-09-06 22:00:00,18.57,220.22,91.46,0.953,OK
M-107,2026-09-06 23:00:00,19.54,221.3,90.3,0.939,OK
M-107,2026-09-07 00:00:00,16.0,220.3,74.31,0.922,OK
M-107,2026-09-07 01:00:00,15.62,220.84,68.13,0.958,OK
M-107,2026-09-07 02:00:00,14.66,220.88,68.31,0.972,OK
M-107,2026-09-07 03:00:00,15.15,219.56,65.41,0.952,OK
M-107,2026-09-07 04:00:00,13.99,221.76,64.43,0.96,OK
M-107,2026-09-07 05:00:00,14.75,221.23,70.0,0.959,OK
M-107,2026-09-07 06:00:00,19.92,220.71,80.5,0.958,OK
M-107,2026-09-07 07:00:00,18.91,221.9,88.43,0.951,OK
M-107,2026-09-07 08:00:00,25.03,220.86,110.9,0.947,OK
M-107,2026-09-07 09:00:00,20.67,219.38,106.54,0.953,OK
M-107,2026-09-07 10:00:00,23.67,222.68,109.61,0.95,OK
M-107,2026-09-07 11:00:00,25.8,219.43,108.22,0.942,OK
M-107,2026-09-07 12:00:00,23.15,219.86,109.3,0.946,OK
M-107,2026-09-07 13:00:00,23.36,221.97,106.18,0.96,OK
M-107,2026-09-07 14:00:00,24.69,222.44,106.53,0.93,OK
M-107,2026-09-07 15:00:00,22.13,221.01,103.88,0.968,OK
M-107,2026-09-07 16:00:00,22.92,220.74,106.09,0.959,OK
M-107,2026-09-07 17:00:00,23.04,219.39,105.92,0.941,OK
M-107,2026-09-07 18:00:00,20.5,220.11,88.59,0.969,OK
M-107,2026-09-07 19:00:00,18.73,222.68,92.58,0.951,OK
M-107,2026-09-07 20:00:00,17.82,221.46,95.19,0.945,OK
M-107,2026-09-07 21:00:00,20.28,222.57,90.43,0.94,OK
M-107,2026-09-07 22:00:00,19.64,221.8,84.76,0.95,OK
M-107,2026-09-07 23:00:00,19.6,220.7,87.88,0.937,OK
M-107,2026-09-08 00:00:00,15.91,220.33,73.59,0.958,OK
M-107,2026-09-08 01:00:00,15.55,219.17,69.14,0.93,OK
M-107,2026-09-08 02:00:00,14.34,222.69,62.7,0.956,OK
M-107,2026-09-08 03:00:00,15.09,218.81,62.55,0.95,OK
M-107,2026-09-08 04:00:00,17.09,222.04,67.02,0.943,OK
M-107,2026-09-08 05:00:00,15.18,220.58,72.76,0.94,OK
M-107,2026-09-08 06:00:00,20.74,222.31,88.46,0.94,OK
M-107,2026-09-08 07:00:00,20.73,221.52,89.14,0.952,OK
M-107,2026-09-08 08:00:00,23.01,220.47,107.51,0.964,OK
M-107,2026-09-08 09:00:00,23.32,218.98,103.03,0.924,OK
M-107,2026-09-08 10:00:00,24.14,221.36,104.07,0.952,OK
M-107,2026-09-08 11:00:00,23.46,221.19,108.84,0.909,OK
M-107,2026-09-08 12:00:00,23.2,222.97,108.8,0.975,OK
M-107,2026-09-08 13:00:00,22.16,219.12,106.47,0.973,OK
M-107,2026-09-08 14:00:00,24.53,221.2,108.57,0.971,OK
M-107,2026-09-08 15:00:00,24.73,221.55,110.99,0.945,OK
M-107,2026-09-08 16:00:00,24.29,220.77,109.97,0.945,OK
M-107,2026-09-08 17:00:00,24.65,220.1,112.51,0.946,OK
M-107,2026-09-08 18:00:00,19.67,220.37,89.78,0.978,OK
M-107,2026-09-08 19:00:00,19.74,223.11,89.91,0.943,OK
M-107,2026-09-08 20:00:00,19.23,220.79,84.56,0.928,OK
M-107,2026-09-08 21:00:00,20.07,220.67,89.58,0.948,OK
M-107,2026-09-08 22:00:00,20.08,221.25,84.91,0.96,OK
M-107,2026-09-08 23:00:00,17.54,218.99,90.37,0.948,OK
M-107,2026-09-09 00:00:00,13.96,219.61,73.41,0.925,OK
M-107,2026-09-09 01:00:00,15.25,219.19,67.88,0.958,OK
M-107,2026-09-09 02:00:00,13.13,220.31,66.01,0.962,OK
M-107,2026-09-09 03:00:00,16.42,220.82,72.43,0.914,OK
M-107,2026-09-09 04:00:00,15.51,222.48,73.53,0.957,OK
M-107,2026-09-09 05:00:00,13.93,223.32,67.54,0.929,OK
M-107,2026-09-09 06:00:00,18.17,220.48,91.15,0.932,OK
M-107,2026-09-09 07:00:00,20.85,220.54,89.7,0.933,OK
M-107,2026-09-09 08:00:00,25.57,222.68,107.45,0.963,OK
M-107,2026-09-09 09:00:00,23.0,222.74,105.98,0.972,OK
M-107,2026-09-09 10:00:00,21.64,220.85,109.17,0.935,OK
M-107,2026-09-09 11:00:00,23.78,220.44,103.47,0.938,OK
M-107,2026-09-09 12:00:00,23.02,219.78,107.31,0.974,OK
M-107,2026-09-09 13:00:00,24.01,220.81,112.9,0.942,OK
M-107,2026-09-09 14:00:00,25.28,220.79,105.79,0.961,OK
M-107,2026-09-09 15:00:00,22.28,221.7,109.65,0.969,OK
M-107,2026-09-09 16:00:00,24.41,220.87,111.42,0.937,OK
M-107,2026-09-09 17:00:00,25.63,219.29,102.94,0.958,OK
M-107,2026-09-09 18:00:00,20.94,222.2,88.89,0.92,OK
M-107,2026-09-09 19:00:00,18.82,221.94,82.7,0.927,OK
M-107,2026-09-09 20:00:00,18.04,222.27,89.86,0.948,OK
M-107,2026-09-09 21:00:00,19.89,220.74,89.93,0.934,OK
M-107,2026-09-09 22:00:00,19.88,222.07,90.16,0.955,OK
M-107,2026-09-09 23:00:00,18.15,221.0,90.39,0.943,OK
M-107,2026-09-10 00:00:00,14.83,222.07,67.05,0.929,OK
M-107,2026-09-10 01:00:00,14.13,222.94,68.13,0.966,OK
M-107,2026-09-10 02:00:00,13.48,222.62,73.17,0.932,OK
M-107,2026-09-10 03:00:00,12.6,222.35,68.9,0.974,OK
M-107,2026-09-10 04:00:00,14.25,218.33,74.38,0.944,OK
M-107,2026-09-10 05:00:00,14.7,222.56,72.58,0.964,OK
M-107,2026-09-10 06:00:00,17.97,221.61,90.91,0.925,OK
M-107,2026-09-10 07:00:00,17.25,220.78,91.43,0.931,OK
M-107,2026-09-10 08:00:00,23.31,220.9,108.61,0.927,OK
M-107,2026-09-10 09:00:00,25.41,220.6,110.53,0.946,OK
M-107,2026-09-10 10:00:00,23.88,221.39,104.13,0.93,OK
M-107,2026-09-10 11:00:00,23.45,219.66,104.01,0.975,OK
M-107,2026-09-10 12:00:00,23.58,218.59,108.14,0.941,OK
M-107,2026-09-10 13:00:00,23.98,218.42,108.1,0.953,OK
M-107,2026-09-10 14:00:00,23.89,220.21,111.37,0.916,OK
M-107,2026-09-10 15:00:00,22.52,221.88,104.23,0.909,OK
M-107,2026-09-10 16:00:00,23.07,221.01,111.8,0.963,OK
M-107,2026-09-10 17:00:00,21.88,222.72,102.71,0.952,OK
M-107,2026-09-10 18:00:00,19.42,221.12,84.97,0.933,OK
M-107,2026-09-10 19:00:00,20.51,221.58,96.5,0.94,OK
M-107,2026-09-10 20:00:00,16.79,222.87,83.27,0.935,OK
M-107,2026-09-10 21:00:00,18.95,222.78,90.29,0.947,OK
M-107,2026-09-10 22:00:00,18.92,220.25,88.53,0.941,OK
M-107,2026-09-10 23:00:00,19.73,223.56,88.88,0.957,OK
M-107,2026-09-11 00:00:00,16.27,221.63,65.91,0.939,OK
M-107,2026-09-11 01:00:00,15.52,221.06,71.19,0.986,OK
M-107,2026-09-11 02:00:00,16.55,221.92,72.65,0.976,OK
M-107,2026-09-11 03:00:00,13.68,219.81,73.23,0.942,OK
M-107,2026-09-11 04:00:00,15.68,219.62,72.82,0.942,OK
M-107,2026-09-11 05:00:00,15.22,222.02,68.56,0.99,OK
M-107,2026-09-11 06:00:00,19.74,219.44,86.11,0.945,OK
M-107,2026-09-11 07:00:00,18.38,221.54,89.72,0.943,OK
M-107,2026-09-11 08:00:00,25.5,220.86,105.31,0.96,OK
M-107,2026-09-11 09:00:00,24.41,221.51,111.35,0.966,OK
M-107,2026-09-11 10:00:00,22.85,222.09,110.27,0.973,OK
M-107,2026-09-11 11:00:00,21.85,221.99,104.8,0.91,OK
M-107,2026-09-11 12:00:00,24.01,220.31,110.7,0.944,OK
M-107,2026-09-11 13:00:00,22.45,220.41,105.96,0.94,OK
M-107,2026-09-11 14:00:00,22.78,220.66,106.71,0.978,OK
M-107,2026-09-11 15:00:00,23.13,220.31,108.55,0.941,OK
M-107,2026-09-11 16:00:00,21.82,219.55,102.81,0.953,OK
M-107,2026-09-11 17:00:00,24.6,220.34,102.16,0.929,OK
M-107,2026-09-11 18:00:00,19.06,220.46,91.55,0.949,OK
M-107,2026-09-11 19:00:00,20.78,220.09,89.69,0.952,OK
M-107,2026-09-11 20:00:00,18.49,221.62,89.58,0.929,OK
M-107,2026-09-11 21:00:00,19.5,221.65,87.97,0.962,OK
M-107,2026-09-11 22:00:00,19.8,222.12,87.41,0.937,OK
M-107,2026-09-11 23:00:00,18.0,220.92,78.73,0.938,OK
M-107,2026-09-12 00:00:00,15.52,220.22,63.21,0.957,OK
M-107,2026-09-12 01:00:00,14.09,220.33,70.35,0.95,OK
M-107,2026-09-12 02:00:00,15.72,221.11,71.98,0.938,OK
M-107,2026-09-12 03:00:00,14.66,219.77,71.03,0.947,OK
M-107,2026-09-12 04:00:00,14.73,219.79,68.81,0.922,OK
M-107,2026-09-12 05:00:00,15.64,218.85,72.01,0.956,OK
M-107,2026-09-12 06:00:00,20.4,220.5,90.11,0.936,OK
M-107,2026-09-12 07:00:00,19.4,221.11,89.06,0.947,OK
M-107,2026-09-12 08:00:00,22.44,221.57,108.79,0.953,OK
M-107,2026-09-12 09:00:00,23.63,220.25,112.56,0.969,OK
M-107,2026-09-12 10:00:00,22.79,222.48,110.85,0.946,OK
M-107,2026-09-12 11:00:00,25.18,219.95,108.93,0.944,OK
M-107,2026-09-12 12:00:00,24.65,219.73,110.29,0.948,OK
M-107,2026-09-12 13:00:00,23.72,223.83,106.0,0.954,OK
M-107,2026-09-12 14:00:00,23.46,220.56,111.09,0.965,OK
M-107,2026-09-12 15:00:00,21.85,222.26,106.16,0.974,OK
M-107,2026-09-12 16:00:00,22.75,221.68,104.85,0.941,OK
M-107,2026-09-12 17:00:00,23.25,220.35,110.15,0.921,OK
M-107,2026-09-12 18:00:00,18.02,218.76,88.35,0.946,OK
M-107,2026-09-12 19:00:00,17.93,223.6,93.24,0.934,OK
M-107,2026-09-12 20:00:00,19.58,220.63,85.44,0.977,OK
M-107,2026-09-12 21:00:00,18.85,219.87,87.46,0.967,OK
M-107,2026-09-12 22:00:00,16.06,220.94,86.99,0.94,OK
M-107,2026-09-12 23:00:00,20.18,219.31,91.93,0.981,OK
M-107,2026-09-13 00:00:00,13.7,221.18,72.99,0.942,OK
M-107,2026-09-13 01:00:00,14.71,221.25,69.02,0.936,OK
M-107,2026-09-13 02:00:00,14.89,219.54,66.81,0.938,OK
M-107,2026-09-13 03:00:00,13.97,221.52,67.86,0.952,OK
M-107,2026-09-13 04:00:00,17.09,221.56,62.49,0.95,OK
M-107,2026-09-13 05:00:00,15.94,220.8,71.27,0.953,OK
M-107,2026-09-13 06:00:00,18.58,218.75,90.16,0.962,OK
M-107,2026-09-13 07:00:00,19.3,220.72,86.86,0.948,OK
M-107,2026-09-13 08:00:00,24.82,222.46,117.22,0.942,OK
M-107,2026-09-13 09:00:00,24.15,219.89,109.54,0.931,OK
M-107,2026-09-13 10:00:00,23.46,219.07,109.94,0.939,OK
M-107,2026-09-13 11:00:00,24.09,222.7,107.65,0.929,OK
M-107,2026-09-13 12:00:00,25.87,218.57,102.91,0.949,OK
M-107,2026-09-13 13:00:00,22.39,220.91,107.4,0.947,OK
M-107,2026-09-13 14:00:00,22.68,220.62,108.82,0.967,OK
M-107,2026-09-13 15:00:00,23.34,218.97,104.63,0.947,OK
M-107,2026-09-13 16:00:00,22.25,221.63,103.47,0.923,OK
M-107,2026-09-13 17:00:00,24.93,220.95,108.0,0.934,OK
M-107,2026-09-13 18:00:00,20.08,220.18,88.31,0.953,OK
M-107,2026-09-13 19:00:00,17.64,219.66,83.41,0.955,OK
M-107,2026-09-13 20:00:00,19.32,219.9,91.47,0.959,OK
M-107,2026-09-13 21:00:00,19.21,221.46,85.49,0.949,OK
M-107,2026-09-13 22:00:00,18.69,220.84,88.45,0.948,OK
M-107,2026-09-13 23:00:00,18.91,221.09,84.41,0.938,OK
M-107,2026-09-14 00:00:00,14.1,221.88,68.4,0.953,OK
M-107,2026-09-14 01:00:00,14.59,221.76,67.41,0.914,OK
M-107,2026-09-14 02:00:00,15.92,219.3,63.5,0.942,OK
M-107,2026-09-14 03:00:00,17.29,221.85,74.15,0.955,OK
M-107,2026-09-14 04:00:00,13.26,220.34,69.59,0.938,OK
M-107,2026-09-14 05:00:00,15.27,222.04,67.71,0.921,OK
M-107,2026-09-14 06:00:00,19.4,220.51,85.68,0.955,OK
M-107,2026-09-14 07:00:00,18.2,220.75,88.81,0.94,OK
M-107,2026-09-14 08:00:00,23.05,220.08,107.06,0.95,OK
M-107,2026-09-14 09:00:00,23.24,222.91,105.69,0.956,OK
M-107,2026-09-14 10:00:00,23.14,219.77,107.96,0.943,OK
M-107,2026-09-14 11:00:00,23.2,221.46,103.78,0.942,OK
M-107,2026-09-14 12:00:00,23.16,224.55,105.81,0.94,OK
M-107,2026-09-14 13:00:00,21.45,221.91,102.72,0.97,OK
M-107,2026-09-14 14:00:00,22.84,221.89,111.36,0.947,OK
M-107,2026-09-14 15:00:00,23.26,222.05,108.06,0.956,OK
M-107,2026-09-14 16:00:00,22.84,223.38,107.0,0.954,OK
M-107,2026-09-14 17:00:00,24.39,221.33,109.14,0.952,OK
M-107,2026-09-14 18:00:00,20.22,221.32,90.48,0.94,OK
M-107,2026-09-14 19:00:00,19.71,220.63,88.12,0.99,OK
M-107,2026-09-14 20:00:00,17.78,219.96,91.2,0.952,OK
M-107,2026-09-14 21:00:00,21.89,220.13,85.43,0.95,OK
M-107,2026-09-14 22:00:00,18.47,220.36,90.97,0.96,OK
M-107,2026-09-14 23:00:00,17.99,220.73,82.9,0.926,OK
M-108,2026-09-01 00:00:00,40.89,218.75,168.21,0.936,OK
M-108,2026-09-01 01:00:00,37.1,222.45,168.24,0.915,OK
M-108,2026-09-01 02:00:00,37.81,220.85,172.17,0.937,OK
M-108,2026-09-01 03:00:00,36.67,219.73,171.82,0.941,OK
M-108,2026-09-01 04:00:00,36.06,219.09,178.85,0.93,OK
M-108,2026-09-01 05:00:00,36.07,218.95,168.91,0.915,OK
M-108,2026-09-01 06:00:00,48.01,220.83,217.86,0.918,OK
M-108,2026-09-01 07:00:00,47.15,221.19,219.62,0.933,OK
M-108,2026-09-01 08:00:00,59.18,218.63,264.5,0.911,OK
M-108,2026-09-01 09:00:00,61.71,218.97,270.39,0.922,OK
M-108,2026-09-01 10:00:00,57.87,220.55,266.14,0.926,OK
M-108,2026-09-01 11:00:00,63.11,221.57,272.55,0.94,OK
M-108,2026-09-01 12:00:00,58.6,219.58,270.59,0.954,OK
M-108,2026-09-01 13:00:00,60.09,220.15,269.59,0.956,OK
M-108,2026-09-01 14:00:00,56.78,219.78,274.31,0.909,OK
M-108,2026-09-01 15:00:00,58.01,220.78,263.85,0.914,OK
M-108,2026-09-01 16:00:00,59.66,219.19,272.2,0.926,OK
M-108,2026-09-01 17:00:00,57.01,223.09,267.63,0.942,OK
M-108,2026-09-01 18:00:00,48.28,219.95,218.96,0.932,OK
M-108,2026-09-01 19:00:00,48.01,218.86,222.39,0.916,OK
M-108,2026-09-01 20:00:00,49.43,220.87,217.29,0.93,OK
M-108,2026-09-01 21:00:00,45.47,217.98,221.13,0.94,OK
M-108,2026-09-01 22:00:00,48.31,221.29,226.35,0.914,OK
M-108,2026-09-01 23:00:00,45.12,218.53,218.53,0.957,OK
M-108,2026-09-02 00:00:00,38.14,219.66,175.6,0.927,OK
M-108,2026-09-02 01:00:00,38.1,220.37,176.12,0.914,OK
M-108,2026-09-02 02:00:00,41.08,219.45,171.92,0.888,OK
M-108,2026-09-02 03:00:00,39.3,220.12,173.1,0.924,OK
M-108,2026-09-02 04:00:00,37.12,220.56,171.69,0.94,OK
M-108,2026-09-02 05:00:00,37.74,219.91,175.65,0.922,OK
M-108,2026-09-02 06:00:00,49.12,220.28,216.72,0.907,OK
M-108,2026-09-02 07:00:00,46.91,219.79,214.74,0.954,OK
M-108,2026-09-02 08:00:00,59.15,222.82,270.73,0.936,OK
M-108,2026-09-02 09:00:00,57.98,220.0,266.92,0.921,OK
M-108,2026-09-02 10:00:00,58.36,221.23,271.76,0.905,OK
M-108,2026-09-02 11:00:00,57.89,220.72,267.41,0.947,OK
M-108,2026-09-02 12:00:00,64.22,219.5,267.4,0.939,OK
M-108,2026-09-02 13:00:00,58.13,219.5,268.38,0.891,OK
M-108,2026-09-02 14:00:00,59.58,221.53,268.25,0.93,OK
M-108,2026-09-02 15:00:00,57.1,217.49,268.03,0.912,OK
M-108,2026-09-02 16:00:00,60.5,221.11,268.06,0.9,OK
M-108,2026-09-02 17:00:00,58.92,221.15,267.37,0.94,OK
M-108,2026-09-02 18:00:00,49.92,219.56,225.42,0.95,OK
M-108,2026-09-02 19:00:00,46.88,220.9,217.56,0.907,OK
M-108,2026-09-02 20:00:00,49.79,221.29,221.1,0.929,OK
M-108,2026-09-02 21:00:00,48.86,219.2,222.33,0.919,OK
M-108,2026-09-02 22:00:00,49.61,219.51,220.71,0.929,OK
M-108,2026-09-02 23:00:00,51.63,219.43,219.47,0.904,OK
M-108,2026-09-03 00:00:00,38.08,221.0,174.77,0.932,OK
M-108,2026-09-03 01:00:00,39.88,221.34,174.99,0.945,OK
M-108,2026-09-03 02:00:00,40.99,218.41,172.29,0.94,OK
M-108,2026-09-03 03:00:00,39.56,221.54,177.51,0.959,OK
M-108,2026-09-03 04:00:00,39.28,218.34,173.49,0.935,OK
M-108,2026-09-03 05:00:00,37.17,220.07,173.43,0.937,OK
M-108,2026-09-03 06:00:00,48.58,216.73,223.61,0.933,OK
M-108,2026-09-03 07:00:00,50.92,220.88,226.41,0.955,OK
M-108,2026-09-03 08:00:00,59.66,220.64,268.81,0.93,OK
M-108,2026-09-03 09:00:00,57.95,218.67,267.25,0.938,OK
M-108,2026-09-03 10:00:00,59.38,219.32,267.72,0.938,OK
M-108,2026-09-03 11:00:00,60.76,218.45,265.41,0.944,OK
M-108,2026-09-03 12:00:00,56.88,221.94,270.44,0.954,OK
M-108,2026-09-03 13:00:00,60.69,222.7,270.93,0.895,OK
M-108,2026-09-03 14:00:00,58.52,219.6,271.35,0.949,OK
M-108,2026-09-03 15:00:00,59.29,219.67,269.2,0.922,OK
M-108,2026-09-03 16:00:00,58.38,219.07,269.61,0.944,OK
M-108,2026-09-03 17:00:00,60.54,218.65,272.1,0.905,OK
M-108,2026-09-03 18:00:00,48.75,221.52,229.5,0.922,OK
M-108,2026-09-03 19:00:00,49.52,218.36,222.98,0.951,OK
M-108,2026-09-03 20:00:00,48.46,220.03,220.53,0.947,OK
M-108,2026-09-03 21:00:00,47.4,220.39,215.68,0.899,OK
M-108,2026-09-03 22:00:00,48.22,220.69,224.36,0.946,OK
M-108,2026-09-03 23:00:00,49.88,219.29,228.03,0.936,OK
M-108,2026-09-04 00:00:00,37.37,219.93,175.67,0.956,OK
M-108,2026-09-04 01:00:00,37.2,220.71,177.02,0.93,OK
M-108,2026-09-04 02:00:00,39.14,220.43,173.58,0.927,OK
M-108,2026-09-04 03:00:00,36.9,217.98,171.79,0.943,OK
M-108,2026-09-04 04:00:00,35.94,220.78,172.15,0.943,OK
M-108,2026-09-04 05:00:00,34.97,220.55,172.52,0.931,OK
M-108,2026-09-04 06:00:00,51.18,217.54,218.33,0.942,OK
M-108,2026-09-04 07:00:00,47.79,219.81,215.52,0.948,OK
M-108,2026-09-04 08:00:00,57.09,218.99,275.81,0.931,OK
M-108,2026-09-04 09:00:00,57.17,219.84,268.92,0.908,OK
M-108,2026-09-04 10:00:00,64.45,219.41,267.31,0.945,OK
M-108,2026-09-04 11:00:00,62.63,218.56,272.18,0.933,OK
M-108,2026-09-04 12:00:00,55.97,218.04,271.51,0.918,OK
M-108,2026-09-04 13:00:00,59.35,219.69,270.14,0.953,OK
M-108,2026-09-04 14:00:00,60.66,218.52,270.73,0.955,OK
M-108,2026-09-04 15:00:00,57.91,222.43,274.01,0.938,OK
M-108,2026-09-04 16:00:00,61.22,219.77,259.55,0.947,OK
M-108,2026-09-04 17:00:00,61.02,219.65,265.14,0.892,OK
M-108,2026-09-04 18:00:00,49.5,221.36,215.15,0.948,OK
M-108,2026-09-04 19:00:00,47.91,219.74,222.36,0.934,OK
M-108,2026-09-04 20:00:00,46.69,218.03,222.67,0.903,OK
M-108,2026-09-04 21:00:00,48.54,220.33,220.17,0.92,OK
M-108,2026-09-04 22:00:00,52.15,220.28,221.28,0.933,OK
M-108,2026-09-04 23:00:00,50.57,220.53,222.53,0.941,OK
M-108,2026-09-05 00:00:00,34.88,219.91,167.44,0.927,OK
M-108,2026-09-05 01:00:00,39.2,220.7,172.86,0.911,OK
M-108,2026-09-05 02:00:00,38.14,220.46,168.78,0.902,OK
M-108,2026-09-05 03:00:00,38.79,219.54,168.39,0.943,OK
M-108,2026-09-05 04:00:00,38.57,219.19,167.86,0.907,OK
M-108,2026-09-05 05:00:00,35.11,220.67,173.15,0.937,OK
M-108,2026-09-05 06:00:00,49.84,219.67,220.76,0.914,OK
M-108,2026-09-05 07:00:00,47.97,218.99,216.84,0.931,OK
M-108,2026-09-05 08:00:00,59.15,218.39,277.99,0.928,OK
M-108,2026-09-05 09:00:00,56.8,219.58,267.64,0.943,OK
M-108,2026-09-05 10:00:00,58.55,219.48,268.23,0.909,OK
M-108,2026-09-05 11:00:00,58.19,220.09,267.65,0.938,OK
M-108,2026-09-05 12:00:00,58.94,217.94,268.04,0.938,OK
M-108,2026-09-05 13:00:00,58.11,221.58,271.04,0.927,OK
M-108,2026-09-05 14:00:00,57.52,220.42,268.75,0.925,OK
M-108,2026-09-05 15:00:00,58.34,220.6,270.49,0.925,OK
M-108,2026-09-05 16:00:00,56.38,219.08,270.17,0.933,OK
M-108,2026-09-05 17:00:00,59.63,220.1,263.13,0.938,OK
M-108,2026-09-05 18:00:00,49.91,217.63,221.15,0.949,OK
M-108,2026-09-05 19:00:00,49.5,219.05,217.19,0.933,OK
M-108,2026-09-05 20:00:00,49.98,220.99,219.34,0.903,OK
M-108,2026-09-05 21:00:00,46.88,218.92,214.61,0.953,OK
M-108,2026-09-05 22:00:00,52.46,219.23,221.5,0.927,OK
M-108,2026-09-05 23:00:00,49.61,219.31,216.11,0.952,OK
M-108,2026-09-06 00:00:00,36.28,220.02,170.55,0.934,OK
M-108,2026-09-06 01:00:00,37.03,220.73,173.03,0.959,OK
M-108,2026-09-06 02:00:00,37.93,221.83,172.68,0.922,OK
M-108,2026-09-06 03:00:00,35.78,221.29,173.55,0.935,OK
M-108,2026-09-06 04:00:00,37.99,219.93,168.45,0.948,OK
M-108,2026-09-06 05:00:00,35.94,219.54,172.07,0.92,OK
M-108,2026-09-06 06:00:00,49.21,220.52,222.13,0.915,OK
M-108,2026-09-06 07:00:00,45.8,219.39,221.59,0.958,OK
M-108,2026-09-06 08:00:00,62.75,218.87,274.77,0.939,OK
M-108,2026-09-06 09:00:00,60.93,219.57,271.08,0.949,OK
M-108,2026-09-06 10:00:00,59.36,218.15,269.18,0.94,OK
M-108,2026-09-06 11:00:00,58.89,220.28,270.19,0.933,OK
M-108,2026-09-06 12:00:00,59.28,219.76,271.16,0.908,OK
M-108,2026-09-06 13:00:00,60.38,218.41,266.37,0.915,OK
M-108,2026-09-06 14:00:00,59.87,217.44,268.51,0.924,OK
M-108,2026-09-06 15:00:00,61.46,219.8,267.45,0.946,OK
M-108,2026-09-06 16:00:00,60.79,216.67,271.87,0.956,OK
M-108,2026-09-06 17:00:00,60.51,219.06,276.18,0.904,OK
M-108,2026-09-06 18:00:00,48.77,220.78,219.97,0.946,OK
M-108,2026-09-06 19:00:00,48.6,220.63,220.08,0.926,OK
M-108,2026-09-06 20:00:00,48.15,221.51,223.91,0.946,OK
M-108,2026-09-06 21:00:00,48.46,219.82,214.38,0.919,OK
M-108,2026-09-06 22:00:00,48.53,219.98,218.79,0.914,OK
M-108,2026-09-06 23:00:00,46.45,218.84,224.47,0.93,OK
M-108,2026-09-07 00:00:00,39.88,220.95,175.54,0.935,OK
M-108,2026-09-07 01:00:00,39.46,220.51,176.92,0.902,OK
M-108,2026-09-07 02:00:00,37.21,219.25,174.89,0.954,OK
M-108,2026-09-07 03:00:00,38.05,221.35,173.06,0.927,OK
M-108,2026-09-07 04:00:00,38.48,218.23,175.5,0.926,OK
M-108,2026-09-07 05:00:00,39.65,221.76,173.0,0.906,OK
M-108,2026-09-07 06:00:00,45.72,221.04,223.11,0.927,OK
M-108,2026-09-07 07:00:00,49.48,219.02,223.04,0.919,OK
M-108,2026-09-07 08:00:00,59.7,218.6,271.51,0.927,OK
M-108,2026-09-07 09:00:00,58.92,219.99,270.05,0.922,OK
M-108,2026-09-07 10:00:00,61.61,219.65,267.18,0.906,OK
M-108,2026-09-07 11:00:00,58.08,220.38,270.35,0.939,OK
M-108,2026-09-07 12:00:00,60.35,219.1,275.06,0.906,OK
M-108,2026-09-07 13:00:00,57.47,218.83,266.69,0.931,OK
M-108,2026-09-07 14:00:00,61.61,220.61,273.42,0.962,OK
M-108,2026-09-07 15:00:00,58.72,221.26,263.9,0.902,OK
M-108,2026-09-07 16:00:00,58.0,219.88,270.36,0.927,OK
M-108,2026-09-07 17:00:00,57.23,221.2,268.77,0.93,OK
M-108,2026-09-07 18:00:00,47.27,219.03,217.06,0.936,OK
M-108,2026-09-07 19:00:00,49.38,217.35,218.4,0.936,OK
M-108,2026-09-07 20:00:00,47.14,219.09,222.87,0.915,OK
M-108,2026-09-07 21:00:00,49.04,220.9,227.87,0.932,OK
M-108,2026-09-07 22:00:00,49.41,218.65,215.55,0.892,OK
M-108,2026-09-07 23:00:00,51.87,220.47,225.38,0.932,OK
M-108,2026-09-08 00:00:00,35.37,222.15,172.14,0.932,OK
M-108,2026-09-08 01:00:00,37.14,221.66,167.53,0.929,OK
M-108,2026-09-08 02:00:00,35.0,218.47,170.03,0.928,OK
M-108,2026-09-08 03:00:00,38.53,220.93,171.29,0.931,OK
M-108,2026-09-08 04:00:00,40.07,223.65,171.73,0.922,OK
M-108,2026-09-08 05:00:00,36.53,219.75,169.72,0.904,OK
M-108,2026-09-08 06:00:00,49.29,220.19,215.08,0.91,OK
M-108,2026-09-08 07:00:00,48.07,222.76,222.61,0.914,OK
M-108,2026-09-08 08:00:00,59.09,218.96,266.63,0.919,OK
M-108,2026-09-08 09:00:00,60.84,222.7,267.34,0.936,OK
M-108,2026-09-08 10:00:00,57.54,219.04,267.7,0.942,OK
M-108,2026-09-08 11:00:00,56.41,219.29,264.78,0.94,OK
M-108,2026-09-08 12:00:00,61.58,220.64,272.94,0.929,OK
M-108,2026-09-08 13:00:00,60.79,217.79,265.37,0.937,OK
M-108,2026-09-08 14:00:00,57.55,220.14,268.6,0.934,OK
M-108,2026-09-08 15:00:00,61.05,220.23,271.3,0.923,OK
M-108,2026-09-08 16:00:00,59.55,219.76,267.01,0.969,OK
M-108,2026-09-08 17:00:00,59.69,219.15,270.15,0.945,OK
M-108,2026-09-08 18:00:00,50.13,220.26,223.1,0.946,OK
M-108,2026-09-08 19:00:00,51.05,219.86,221.65,0.943,OK
M-108,2026-09-08 20:00:00,47.13,219.94,218.65,0.904,OK
M-108,2026-09-08 21:00:00,50.25,219.43,217.91,0.927,OK
M-108,2026-09-08 22:00:00,48.83,219.92,219.77,0.929,OK
M-108,2026-09-08 23:00:00,47.96,221.3,218.48,0.898,OK
M-108,2026-09-09 00:00:00,37.79,220.5,171.39,0.908,OK
M-108,2026-09-09 01:00:00,37.26,221.28,172.49,0.935,OK
M-108,2026-09-09 02:00:00,36.03,221.06,171.34,0.912,OK
M-108,2026-09-09 03:00:00,38.02,219.54,172.77,0.97,OK
M-108,2026-09-09 04:00:00,37.42,219.08,174.15,0.938,OK
M-108,2026-09-09 05:00:00,39.73,219.93,171.04,0.917,OK
M-108,2026-09-09 06:00:00,46.7,219.34,223.91,0.894,OK
M-108,2026-09-09 07:00:00,51.94,219.7,218.39,0.955,OK
M-108,2026-09-09 08:00:00,59.1,218.53,268.31,0.905,OK
M-108,2026-09-09 09:00:00,59.06,220.37,269.89,0.923,OK
M-108,2026-09-09 10:00:00,59.4,220.55,263.29,0.932,OK
M-108,2026-09-09 11:00:00,62.91,218.87,268.82,0.929,OK
M-108,2026-09-09 12:00:00,58.77,220.03,270.1,0.911,OK
M-108,2026-09-09 13:00:00,56.42,221.66,269.59,0.931,OK
M-108,2026-09-09 14:00:00,60.82,220.32,271.84,0.918,OK
M-108,2026-09-09 15:00:00,59.71,220.64,272.42,0.941,OK
M-108,2026-09-09 16:00:00,58.53,219.86,268.19,0.929,OK
M-108,2026-09-09 17:00:00,61.46,220.04,261.76,0.929,OK
M-108,2026-09-09 18:00:00,46.29,219.13,222.82,0.925,OK
M-108,2026-09-09 19:00:00,52.09,220.69,223.83,0.936,OK
M-108,2026-09-09 20:00:00,48.46,220.96,226.8,0.919,OK
M-108,2026-09-09 21:00:00,46.24,219.93,222.5,0.909,OK
M-108,2026-09-09 22:00:00,49.53,220.64,219.99,0.937,OK
M-108,2026-09-09 23:00:00,47.67,219.4,222.7,0.924,OK
M-108,2026-09-10 00:00:00,37.2,219.66,176.19,0.951,OK
M-108,2026-09-10 01:00:00,41.37,216.49,170.58,0.946,OK
M-108,2026-09-10 02:00:00,37.54,219.29,170.2,0.924,OK
M-108,2026-09-10 03:00:00,40.49,221.54,173.28,0.937,OK
M-108,2026-09-10 04:00:00,37.6,220.67,171.63,0.942,OK
M-108,2026-09-10 05:00:00,39.95,220.21,172.02,0.939,OK
M-108,2026-09-10 06:00:00,48.07,219.03,217.4,0.926,OK
M-108,2026-09-10 07:00:00,49.95,218.37,224.58,0.921,OK
M-108,2026-09-10 08:00:00,58.72,219.37,271.18,0.924,OK
M-108,2026-09-10 09:00:00,56.82,219.81,270.25,0.92,OK
M-108,2026-09-10 10:00:00,58.89,218.79,272.18,0.917,OK
M-108,2026-09-10 11:00:00,61.61,220.8,269.03,0.936,OK
M-108,2026-09-10 12:00:00,59.3,221.0,267.76,0.947,OK
M-108,2026-09-10 13:00:00,61.31,221.57,265.24,0.925,OK
M-108,2026-09-10 14:00:00,58.0,221.0,268.29,0.938,OK
M-108,2026-09-10 15:00:00,58.9,220.17,271.31,0.921,OK
M-108,2026-09-10 16:00:00,58.09,219.9,270.03,0.909,OK
M-108,2026-09-10 17:00:00,60.88,221.91,267.36,0.909,OK
M-108,2026-09-10 18:00:00,48.43,218.83,218.7,0.923,OK
M-108,2026-09-10 19:00:00,51.95,219.05,221.23,0.903,OK
M-108,2026-09-10 20:00:00,45.66,219.24,219.19,0.927,OK
M-108,2026-09-10 21:00:00,44.67,221.23,220.52,0.954,OK
M-108,2026-09-10 22:00:00,45.35,218.97,218.4,0.932,OK
M-108,2026-09-10 23:00:00,46.56,220.05,225.85,0.928,OK
M-108,2026-09-11 00:00:00,41.03,220.48,172.75,0.919,OK
M-108,2026-09-11 01:00:00,35.69,222.62,170.97,0.939,OK
M-108,2026-09-11 02:00:00,38.65,221.09,169.87,0.91,OK
M-108,2026-09-11 03:00:00,35.34,222.35,171.12,0.958,OK
M-108,2026-09-11 04:00:00,37.35,218.03,170.78,0.931,OK
M-108,2026-09-11 05:00:00,38.45,221.09,175.17,0.927,OK
M-108,2026-09-11 06:00:00,49.76,220.64,218.7,0.922,OK
M-108,2026-09-11 07:00:00,49.59,220.08,221.94,0.942,OK
M-108,2026-09-11 08:00:00,56.53,219.68,265.61,0.908,OK
M-108,2026-09-11 09:00:00,58.63,221.57,267.68,0.932,OK
M-108,2026-09-11 10:00:00,61.21,219.36,269.71,0.932,OK
M-108,2026-09-11 11:00:00,60.67,219.84,272.38,0.905,OK
M-108,2026-09-11 12:00:00,56.27,217.19,267.82,0.957,OK
M-108,2026-09-11 13:00:00,60.43,218.67,266.89,0.945,OK
M-108,2026-09-11 14:00:00,57.36,219.08,265.75,0.932,OK
M-108,2026-09-11 15:00:00,60.48,221.25,272.38,0.93,OK
M-108,2026-09-11 16:00:00,61.2,217.81,266.79,0.92,OK
M-108,2026-09-11 17:00:00,57.91,218.85,266.9,0.923,OK
M-108,2026-09-11 18:00:00,49.88,217.93,225.95,0.911,OK
M-108,2026-09-11 19:00:00,47.34,219.75,223.1,0.919,OK
M-108,2026-09-11 20:00:00,50.05,219.98,223.67,0.918,OK
M-108,2026-09-11 21:00:00,49.25,219.71,220.1,0.922,OK
M-108,2026-09-11 22:00:00,50.42,221.24,221.55,0.95,OK
M-108,2026-09-11 23:00:00,49.59,221.25,219.28,0.937,OK
M-108,2026-09-12 00:00:00,42.85,220.84,173.73,0.934,OK
M-108,2026-09-12 01:00:00,37.98,220.35,172.02,0.938,OK
M-108,2026-09-12 02:00:00,40.24,219.44,173.73,0.925,OK
M-108,2026-09-12 03:00:00,35.78,219.35,177.78,0.945,OK
M-108,2026-09-12 04:00:00,38.66,219.86,173.71,0.918,OK
M-108,2026-09-12 05:00:00,36.42,220.14,177.99,0.947,OK
M-108,2026-09-12 06:00:00,51.25,220.51,219.57,0.931,OK
M-108,2026-09-12 07:00:00,46.68,220.71,220.24,0.923,OK
M-108,2026-09-12 08:00:00,58.78,222.53,268.28,0.902,OK
M-108,2026-09-12 09:00:00,60.26,219.23,268.04,0.926,OK
M-108,2026-09-12 10:00:00,60.56,220.22,270.97,0.946,OK
M-108,2026-09-12 11:00:00,61.64,219.34,271.25,0.937,OK
M-108,2026-09-12 12:00:00,60.26,218.12,266.35,0.9,OK
M-108,2026-09-12 13:00:00,59.49,218.58,269.69,0.946,OK
M-108,2026-09-12 14:00:00,59.63,220.44,272.85,0.914,OK
M-108,2026-09-12 15:00:00,60.18,219.34,270.81,0.908,OK
M-108,2026-09-12 16:00:00,59.54,221.35,265.8,0.924,OK
M-108,2026-09-12 17:00:00,62.46,220.16,262.43,0.951,OK
M-108,2026-09-12 18:00:00,47.16,219.52,220.32,0.92,OK
M-108,2026-09-12 19:00:00,49.2,219.87,216.91,0.938,OK
M-108,2026-09-12 20:00:00,48.37,221.24,217.8,0.941,OK
M-108,2026-09-12 21:00:00,46.89,218.86,216.92,0.938,OK
M-108,2026-09-12 22:00:00,49.26,219.61,223.17,0.916,OK
M-108,2026-09-12 23:00:00,50.41,220.22,219.14,0.907,OK
M-108,2026-09-13 00:00:00,37.13,219.14,175.83,0.942,OK
M-108,2026-09-13 01:00:00,33.96,219.79,171.12,0.956,OK
M-108,2026-09-13 02:00:00,36.06,221.27,174.81,0.919,OK
M-108,2026-09-13 03:00:00,37.49,218.22,173.22,0.923,OK
M-108,2026-09-13 04:00:00,40.46,219.81,174.37,0.932,OK
M-108,2026-09-13 05:00:00,39.21,219.33,175.12,0.953,OK
M-108,2026-09-13 06:00:00,51.13,218.99,222.83,0.915,OK
M-108,2026-09-13 07:00:00,48.17,217.88,220.98,0.937,OK
M-108,2026-09-13 08:00:00,61.68,219.19,270.53,0.918,OK
M-108,2026-09-13 09:00:00,59.9,220.53,268.34,0.939,OK
M-108,2026-09-13 10:00:00,61.33,220.27,265.4,0.925,OK
M-108,2026-09-13 11:00:00,59.18,221.17,271.39,0.951,OK
M-108,2026-09-13 12:00:00,60.13,219.7,268.47,0.904,OK
M-108,2026-09-13 13:00:00,61.77,220.61,267.83,0.94,OK
M-108,2026-09-13 14:00:00,57.12,221.86,266.03,0.934,OK
M-108,2026-09-13 15:00:00,58.31,221.3,268.42,0.944,OK
M-108,2026-09-13 16:00:00,56.72,221.16,273.7,0.928,OK
M-108,2026-09-13 17:00:00,57.21,220.57,271.96,0.908,OK
M-108,2026-09-13 18:00:00,48.34,220.02,230.18,0.919,OK
M-108,2026-09-13 19:00:00,46.94,221.02,226.12,0.951,OK
M-108,2026-09-13 20:00:00,49.21,218.98,224.56,0.932,OK
M-108,2026-09-13 21:00:00,49.28,220.38,224.95,0.921,OK
M-108,2026-09-13 22:00:00,48.88,217.21,215.77,0.942,OK
M-108,2026-09-13 23:00:00,48.09,221.0,220.02,0.951,OK
M-108,2026-09-14 00:00:00,39.12,220.6,178.58,0.935,OK
M-108,2026-09-14 01:00:00,38.59,221.15,168.94,0.893,OK
M-108,2026-09-14 02:00:00,37.1,219.05,172.87,0.923,OK
M-108,2026-09-14 03:00:00,41.47,219.18,176.11,0.923,OK
M-108,2026-09-14 04:00:00,35.86,219.7,174.91,0.901,OK
M-108,2026-09-14 05:00:00,38.34,221.16,174.12,0.929,OK
M-108,2026-09-14 06:00:00,48.09,220.01,226.76,0.941,OK
M-108,2026-09-14 07:00:00,47.79,218.25,222.87,0.923,OK
M-108,2026-09-14 08:00:00,57.19,221.5,266.99,0.921,OK
M-108,2026-09-14 09:00:00,60.65,219.97,273.35,0.945,OK
M-108,2026-09-14 10:00:00,60.32,220.9,269.15,0.958,OK
M-108,2026-09-14 11:00:00,58.21,218.78,265.92,0.945,OK
M-108,2026-09-14 12:00:00,61.39,217.44,267.19,0.92,OK
M-108,2026-09-14 13:00:00,60.35,220.22,268.6,0.922,OK
M-108,2026-09-14 14:00:00,61.19,220.7,269.83,0.932,OK
M-108,2026-09-14 15:00:00,60.3,218.89,270.18,0.936,OK
M-108,2026-09-14 16:00:00,60.78,220.5,272.27,0.916,OK
M-108,2026-09-14 17:00:00,57.9,220.23,267.49,0.928,OK
M-108,2026-09-14 18:00:00,46.74,217.48,217.41,0.883,OK
M-108,2026-09-14 19:00:00,48.52,222.16,227.76,0.915,OK
M-108,2026-09-14 20:00:00,49.03,218.43,216.41,0.912,OK
M-108,2026-09-14 21:00:00,48.35,220.3,220.25,0.94,OK
M-108,2026-09-14 22:00:00,48.15,218.69,220.91,0.91,OK
M-108,2026-09-14 23:00:00,46.06,219.59,222.75,0.902,OK
M-109,2026-09-01 00:00:00,33.01,221.99,147.45,0.931,OK
M-109,2026-09-01 01:00:00,34.28,218.85,154.47,0.941,OK
M-109,2026-09-01 02:00:00,34.06,220.43,151.55,0.92,OK
M-109,2026-09-01 03:00:00,34.06,220.42,149.74,0.954,OK
M-109,2026-09-01 04:00:00,34.26,220.77,152.25,0.95,OK
M-109,2026-09-01 05:00:00,35.66,220.2,151.1,0.954,OK
M-109,2026-09-01 06:00:00,41.49,220.59,189.19,0.937,OK
M-109,2026-09-01 07:00:00,40.27,221.72,194.7,0.916,OK
M-109,2026-09-01 08:00:00,53.26,219.52,227.59,0.968,OK
M-109,2026-09-01 09:00:00,50.96,220.92,235.47,0.914,OK
M-109,2026-09-01 10:00:00,51.64,222.23,235.39,0.921,OK
M-109,2026-09-01 11:00:00,50.87,218.76,232.41,0.957,OK
M-109,2026-09-01 12:00:00,51.57,219.38,233.53,0.932,OK
M-109,2026-09-01 13:00:00,50.71,219.69,231.41,0.935,OK
M-109,2026-09-01 14:00:00,50.23,220.29,235.67,0.932,OK
M-109,2026-09-01 15:00:00,51.27,222.54,241.68,0.924,OK
M-109,2026-09-01 16:00:00,49.97,221.27,232.02,0.934,OK
M-109,2026-09-01 17:00:00,51.93,219.99,241.19,0.951,OK
M-109,2026-09-01 18:00:00,43.2,221.27,191.44,0.927,OK
M-109,2026-09-01 19:00:00,44.6,219.43,191.44,0.924,OK
M-109,2026-09-01 20:00:00,40.75,217.08,191.92,0.937,OK
M-109,2026-09-01 21:00:00,41.46,220.51,195.57,0.929,OK
M-109,2026-09-01 22:00:00,41.54,221.78,192.5,0.928,OK
M-109,2026-09-01 23:00:00,41.1,218.22,189.81,0.945,OK
M-109,2026-09-02 00:00:00,33.46,221.25,155.05,0.976,OK
M-109,2026-09-02 01:00:00,32.99,218.44,150.42,0.95,OK
M-109,2026-09-02 02:00:00,33.32,218.63,153.15,0.945,OK
M-109,2026-09-02 03:00:00,33.47,219.18,151.62,0.958,OK
M-109,2026-09-02 04:00:00,36.61,220.86,147.87,0.897,OK
M-109,2026-09-02 05:00:00,34.26,219.37,145.59,0.92,OK
M-109,2026-09-02 06:00:00,41.95,217.77,195.72,0.935,OK
M-109,2026-09-02 07:00:00,41.45,220.52,197.94,0.922,OK
M-109,2026-09-02 08:00:00,50.72,220.86,239.87,0.926,OK
M-109,2026-09-02 09:00:00,51.07,219.35,234.49,0.914,OK
M-109,2026-09-02 10:00:00,50.37,219.54,239.37,0.938,OK
M-109,2026-09-02 11:00:00,51.76,220.01,241.85,0.956,OK
M-109,2026-09-02 12:00:00,50.5,220.02,234.42,0.928,OK
M-109,2026-09-02 13:00:00,51.17,219.04,237.86,0.94,OK
M-109,2026-09-02 14:00:00,52.72,221.31,232.73,0.941,OK
M-109,2026-09-02 15:00:00,51.24,219.55,229.18,0.946,OK
M-109,2026-09-02 16:00:00,54.49,221.35,236.9,0.922,OK
M-109,2026-09-02 17:00:00,51.3,218.93,238.86,0.954,OK
M-109,2026-09-02 18:00:00,43.57,219.61,194.02,0.925,OK
M-109,2026-09-02 19:00:00,45.34,220.41,195.1,0.934,OK
M-109,2026-09-02 20:00:00,42.38,220.48,193.69,0.951,OK
M-109,2026-09-02 21:00:00,40.99,220.1,188.8,0.914,OK
M-109,2026-09-02 22:00:00,41.77,220.59,191.67,0.97,OK
M-109,2026-09-02 23:00:00,39.01,219.72,200.02,0.945,OK
M-109,2026-09-03 00:00:00,30.71,220.05,154.19,0.939,OK
M-109,2026-09-03 01:00:00,29.83,221.01,151.42,0.936,OK
M-109,2026-09-03 02:00:00,35.12,219.23,154.6,0.964,OK
M-109,2026-09-03 03:00:00,33.2,220.12,151.35,0.941,OK
M-109,2026-09-03 04:00:00,28.65,218.36,150.64,0.964,OK
M-109,2026-09-03 05:00:00,35.82,219.71,153.76,0.925,OK
M-109,2026-09-03 06:00:00,41.2,219.17,199.03,0.905,OK
M-109,2026-09-03 07:00:00,44.07,221.99,197.7,0.956,OK
M-109,2026-09-03 08:00:00,53.56,217.51,235.36,0.94,OK
M-109,2026-09-03 09:00:00,52.58,219.78,234.79,0.926,OK
M-109,2026-09-03 10:00:00,49.82,222.25,240.71,0.94,OK
M-109,2026-09-03 11:00:00,52.0,220.77,232.26,0.966,OK
M-109,2026-09-03 12:00:00,48.92,220.65,236.59,0.948,OK
M-109,2026-09-03 13:00:00,54.31,219.72,241.31,0.95,OK
M-109,2026-09-03 14:00:00,51.66,220.32,233.3,0.95,OK
M-109,2026-09-03 15:00:00,51.89,219.44,232.56,0.933,OK
M-109,2026-09-03 16:00:00,50.09,220.5,236.14,0.955,OK
M-109,2026-09-03 17:00:00,50.06,221.87,233.47,0.938,OK
M-109,2026-09-03 18:00:00,42.37,221.36,192.67,0.958,OK
M-109,2026-09-03 19:00:00,44.21,218.95,193.28,0.969,OK
M-109,2026-09-03 20:00:00,43.78,221.71,191.83,0.932,OK
M-109,2026-09-03 21:00:00,44.72,218.89,197.63,0.949,OK
M-109,2026-09-03 22:00:00,43.65,219.11,201.04,0.961,OK
M-109,2026-09-03 23:00:00,42.35,219.86,189.48,0.94,OK
M-109,2026-09-04 00:00:00,31.32,221.15,152.14,0.944,OK
M-109,2026-09-04 01:00:00,32.2,219.99,150.75,0.943,OK
M-109,2026-09-04 02:00:00,35.01,218.32,152.02,0.932,OK
M-109,2026-09-04 03:00:00,33.4,221.56,154.57,0.967,OK
M-109,2026-09-04 04:00:00,33.34,218.25,153.49,0.946,OK
M-109,2026-09-04 05:00:00,31.29,223.64,151.01,0.945,OK
M-109,2026-09-04 06:00:00,40.85,219.38,194.42,0.926,OK
M-109,2026-09-04 07:00:00,45.9,220.41,196.4,0.934,OK
M-109,2026-09-04 08:00:00,50.99,220.37,239.83,0.894,OK
M-109,2026-09-04 09:00:00,55.64,220.41,235.75,0.956,OK
M-109,2026-09-04 10:00:00,52.31,219.49,237.44,0.922,OK
M-109,2026-09-04 11:00:00,52.0,219.22,239.49,0.929,OK
M-109,2026-09-04 12:00:00,53.6,219.51,233.83,0.934,OK
M-109,2026-09-04 13:00:00,51.41,219.35,230.48,0.943,OK
M-109,2026-09-04 14:00:00,51.9,222.21,238.67,0.963,OK
M-109,2026-09-04 15:00:00,53.07,219.25,234.75,0.94,OK
M-109,2026-09-04 16:00:00,52.52,220.75,237.67,0.938,OK
M-109,2026-09-04 17:00:00,52.86,221.06,238.98,0.94,OK
M-109,2026-09-04 18:00:00,40.9,219.18,190.63,0.944,OK
M-109,2026-09-04 19:00:00,43.2,219.4,188.96,0.944,OK
M-109,2026-09-04 20:00:00,40.79,219.63,194.5,0.929,OK
M-109,2026-09-04 21:00:00,42.41,218.98,194.38,0.936,OK
M-109,2026-09-04 22:00:00,43.12,218.01,190.91,0.917,OK
M-109,2026-09-04 23:00:00,41.61,219.58,189.24,0.965,OK
M-109,2026-09-05 00:00:00,30.78,222.56,150.35,0.946,OK
M-109,2026-09-05 01:00:00,32.49,220.52,150.73,0.965,OK
M-109,2026-09-05 02:00:00,32.22,218.35,148.93,0.942,OK
M-109,2026-09-05 03:00:00,30.73,218.91,149.81,0.956,OK
M-109,2026-09-05 04:00:00,32.26,218.08,152.39,0.942,OK
M-109,2026-09-05 05:00:00,31.07,222.65,149.92,0.954,OK
M-109,2026-09-05 06:00:00,42.1,218.9,202.8,0.957,OK
M-109,2026-09-05 07:00:00,39.71,218.38,192.47,0.944,OK
M-109,2026-09-05 08:00:00,51.62,221.31,234.28,0.931,OK
M-109,2026-09-05 09:00:00,52.08,218.22,237.66,0.929,OK
M-109,2026-09-05 10:00:00,51.61,221.71,237.09,0.937,OK
M-109,2026-09-05 11:00:00,50.98,220.4,232.58,0.936,OK
M-109,2026-09-05 12:00:00,51.05,220.66,234.92,0.932,OK
M-109,2026-09-05 13:00:00,50.21,216.37,236.5,0.931,OK
M-109,2026-09-05 14:00:00,49.56,219.47,238.81,0.932,OK
M-109,2026-09-05 15:00:00,51.44,219.52,233.41,0.941,OK
M-109,2026-09-05 16:00:00,50.8,218.79,233.91,0.923,OK
M-109,2026-09-05 17:00:00,51.62,218.29,236.12,0.951,OK
M-109,2026-09-05 18:00:00,43.62,220.36,196.12,0.95,OK
M-109,2026-09-05 19:00:00,46.03,218.75,192.3,0.917,OK
M-109,2026-09-05 20:00:00,45.3,218.89,198.51,0.929,OK
M-109,2026-09-05 21:00:00,41.77,218.46,196.87,0.911,OK
M-109,2026-09-05 22:00:00,46.0,220.55,194.14,0.937,OK
M-109,2026-09-05 23:00:00,43.11,218.99,188.66,0.942,OK
M-109,2026-09-06 00:00:00,29.26,219.56,150.29,0.935,OK
M-109,2026-09-06 01:00:00,32.18,217.81,148.21,0.942,OK
M-109,2026-09-06 02:00:00,32.61,220.08,147.07,0.936,OK
M-109,2026-09-06 03:00:00,32.34,220.82,144.73,0.922,OK
M-109,2026-09-06 04:00:00,33.23,219.53,148.78,0.957,OK
M-109,2026-09-06 05:00:00,34.02,220.4,154.59,0.946,OK
M-109,2026-09-06 06:00:00,39.29,219.73,192.25,0.958,OK
M-109,2026-09-06 07:00:00,41.46,220.27,193.99,0.957,OK
M-109,2026-09-06 08:00:00,51.29,217.95,237.68,0.916,OK
M-109,2026-09-06 09:00:00,47.64,220.81,237.56,0.953,OK
M-109,2026-09-06 10:00:00,50.37,219.85,233.51,0.962,OK
M-109,2026-09-06 11:00:00,54.4,220.4,237.58,0.96,OK
M-109,2026-09-06 12:00:00,51.09,219.85,234.03,0.925,OK
M-109,2026-09-06 13:00:00,51.22,221.23,231.85,0.948,OK
M-109,2026-09-06 14:00:00,53.95,222.28,230.31,0.916,OK
M-109,2026-09-06 15:00:00,49.48,221.57,233.34,0.943,OK
M-109,2026-09-06 16:00:00,51.11,218.35,232.82,0.957,OK
M-109,2026-09-06 17:00:00,52.88,220.48,239.26,0.9,OK
M-109,2026-09-06 18:00:00,40.2,219.56,194.59,0.932,OK
M-109,2026-09-06 19:00:00,40.44,220.55,196.04,0.948,OK
M-109,2026-09-06 20:00:00,41.24,218.39,193.73,0.938,OK
M-109,2026-09-06 21:00:00,38.02,219.61,188.5,0.976,OK
M-109,2026-09-06 22:00:00,39.26,220.26,189.47,0.967,OK
M-109,2026-09-06 23:00:00,42.66,219.59,195.31,0.932,OK
M-109,2026-09-07 00:00:00,33.26,220.87,149.23,0.916,OK
M-109,2026-09-07 01:00:00,34.63,219.74,151.32,0.915,OK
M-109,2026-09-07 02:00:00,31.45,219.75,154.8,0.944,OK
M-109,2026-09-07 03:00:00,31.62,218.35,151.11,0.941,OK
M-109,2026-09-07 04:00:00,33.75,218.92,152.16,0.935,OK
M-109,2026-09-07 05:00:00,34.03,219.66,150.57,0.969,OK
M-109,2026-09-07 06:00:00,40.7,218.61,196.44,0.95,OK
M-109,2026-09-07 07:00:00,43.52,218.54,191.67,0.91,OK
M-109,2026-09-07 08:00:00,50.47,218.71,236.78,0.941,OK
M-109,2026-09-07 09:00:00,49.01,218.62,234.5,0.939,OK
M-109,2026-09-07 10:00:00,50.67,219.21,231.63,0.926,OK
M-109,2026-09-07 11:00:00,49.29,219.57,238.45,0.907,OK
M-109,2026-09-07 12:00:00,50.46,219.09,237.94,0.962,OK
M-109,2026-09-07 13:00:00,50.06,221.24,236.71,0.947,OK
M-109,2026-09-07 14:00:00,49.18,221.4,232.37,0.928,OK
M-109,2026-09-07 15:00:00,53.18,220.17,233.91,0.919,OK
M-109,2026-09-07 16:00:00,50.49,220.27,232.57,0.941,OK
M-109,2026-09-07 17:00:00,52.31,218.88,233.73,0.943,OK
M-109,2026-09-07 18:00:00,40.57,219.86,196.44,0.935,OK
M-109,2026-09-07 19:00:00,43.11,218.01,192.97,0.924,OK
M-109,2026-09-07 20:00:00,44.12,217.98,193.45,0.945,OK
M-109,2026-09-07 21:00:00,41.37,218.63,190.58,0.955,OK
M-109,2026-09-07 22:00:00,38.98,220.14,190.69,0.964,OK
M-109,2026-09-07 23:00:00,43.26,221.84,190.66,0.92,OK
M-109,2026-09-08 00:00:00,33.57,218.94,152.66,0.95,OK
M-109,2026-09-08 01:00:00,32.25,217.79,153.29,0.945,OK
M-109,2026-09-08 02:00:00,32.42,219.95,154.65,0.959,OK
M-109,2026-09-08 03:00:00,33.98,220.95,150.82,0.952,OK
M-109,2026-09-08 04:00:00,33.92,218.82,144.32,0.961,OK
M-109,2026-09-08 05:00:00,30.98,220.85,153.85,0.929,OK
M-109,2026-09-08 06:00:00,38.93,222.49,191.49,0.927,OK
M-109,2026-09-08 07:00:00,40.97,221.46,190.21,0.936,OK
M-109,2026-09-08 08:00:00,50.46,220.7,239.44,0.926,OK
M-109,2026-09-08 09:00:00,49.44,220.02,238.67,0.917,OK
M-109,2026-09-08 10:00:00,48.49,218.51,231.85,0.909,OK
M-109,2026-09-08 11:00:00,49.65,219.44,232.44,0.965,OK
M-109,2026-09-08 12:00:00,51.07,220.61,234.7,0.936,OK
M-109,2026-09-08 13:00:00,52.2,220.15,236.04,0.981,OK
M-109,2026-09-08 14:00:00,53.07,220.44,231.95,0.928,OK
M-109,2026-09-08 15:00:00,52.28,218.67,231.07,0.945,OK
M-109,2026-09-08 16:00:00,53.22,221.02,236.71,0.946,OK
M-109,2026-09-08 17:00:00,51.81,220.98,233.69,0.955,OK
M-109,2026-09-08 18:00:00,42.21,221.91,192.85,0.94,OK
M-109,2026-09-08 19:00:00,42.45,219.88,194.65,0.928,OK
M-109,2026-09-08 20:00:00,42.96,222.21,193.08,0.952,OK
M-109,2026-09-08 21:00:00,41.31,220.37,195.39,0.96,OK
M-109,2026-09-08 22:00:00,41.43,219.88,193.77,0.941,OK
M-109,2026-09-08 23:00:00,40.82,220.5,194.93,0.959,OK
M-109,2026-09-09 00:00:00,33.1,220.95,149.96,0.928,OK
M-109,2026-09-09 01:00:00,34.96,221.51,154.45,0.946,OK
M-109,2026-09-09 02:00:00,32.29,220.46,151.53,0.932,OK
M-109,2026-09-09 03:00:00,35.39,218.93,152.94,0.968,OK
M-109,2026-09-09 04:00:00,33.29,219.0,147.92,0.962,OK
M-109,2026-09-09 05:00:00,36.22,221.58,154.23,0.958,OK
M-109,2026-09-09 06:00:00,43.27,220.65,194.19,0.951,OK
M-109,2026-09-09 07:00:00,41.06,221.75,195.4,0.937,OK
M-109,2026-09-09 08:00:00,50.99,219.22,236.63,0.92,OK
M-109,2026-09-09 09:00:00,53.47,220.02,233.85,0.931,OK
M-109,2026-09-09 10:00:00,53.69,219.71,237.76,0.922,OK
M-109,2026-09-09 11:00:00,50.93,220.23,236.91,0.942,OK
M-109,2026-09-09 12:00:00,51.88,219.95,237.48,0.947,OK
M-109,2026-09-09 13:00:00,49.84,219.66,242.86,0.943,OK
M-109,2026-09-09 14:00:00,52.48,220.01,233.97,0.94,OK
M-109,2026-09-09 15:00:00,49.97,218.02,236.52,0.966,OK
M-109,2026-09-09 16:00:00,52.87,217.92,237.12,0.928,OK
M-109,2026-09-09 17:00:00,53.88,221.43,247.65,0.956,OK
M-109,2026-09-09 18:00:00,43.21,221.19,190.66,0.923,OK
M-109,2026-09-09 19:00:00,40.26,221.17,189.38,0.939,OK
M-109,2026-09-09 20:00:00,42.49,218.65,193.15,0.93,OK
M-109,2026-09-09 21:00:00,41.27,219.39,188.98,0.924,OK
M-109,2026-09-09 22:00:00,43.3,218.45,195.18,0.936,OK
M-109,2026-09-09 23:00:00,45.48,220.51,190.26,0.942,OK
M-109,2026-09-10 00:00:00,34.98,219.48,152.09,0.941,OK
M-109,2026-09-10 01:00:00,33.26,218.42,150.92,0.959,OK
M-109,2026-09-10 02:00:00,34.93,219.64,148.07,0.937,OK
M-109,2026-09-10 03:00:00,31.15,219.2,145.6,0.935,OK
M-109,2026-09-10 04:00:00,30.67,221.4,151.73,0.953,OK
M-109,2026-09-10 05:00:00,32.9,220.86,145.68,0.942,OK
M-109,2026-09-10 06:00:00,43.04,219.01,199.01,0.897,OK
M-109,2026-09-10 07:00:00,40.53,220.03,194.66,0.922,OK
M-109,2026-09-10 08:00:00,49.11,218.5,234.14,0.948,OK
M-109,2026-09-10 09:00:00,50.82,219.09,233.32,0.944,OK
M-109,2026-09-10 10:00:00,51.59,220.22,235.81,0.939,OK
M-109,2026-09-10 11:00:00,49.76,219.53,233.01,0.971,OK
M-109,2026-09-10 12:00:00,49.23,220.12,233.94,0.935,OK
M-109,2026-09-10 13:00:00,53.35,219.72,234.27,0.952,OK
M-109,2026-09-10 14:00:00,54.6,219.84,239.42,0.939,OK
M-109,2026-09-10 15:00:00,51.6,218.98,235.64,0.954,OK
M-109,2026-09-10 16:00:00,51.87,218.47,235.07,0.941,OK
M-109,2026-09-10 17:00:00,48.3,219.32,233.46,0.944,OK
M-109,2026-09-10 18:00:00,45.52,221.74,194.92,0.95,OK
M-109,2026-09-10 19:00:00,44.23,219.12,198.77,0.928,OK
M-109,2026-09-10 20:00:00,43.46,220.26,193.19,0.936,OK
M-109,2026-09-10 21:00:00,41.31,218.68,198.06,0.95,OK
M-109,2026-09-10 22:00:00,43.21,219.0,188.46,0.93,OK
M-109,2026-09-10 23:00:00,43.28,219.9,192.1,0.918,OK
M-109,2026-09-11 00:00:00,37.07,220.6,151.41,0.932,OK
M-109,2026-09-11 01:00:00,32.01,217.7,156.94,0.944,OK
M-109,2026-09-11 02:00:00,31.06,219.23,149.98,0.925,OK
M-109,2026-09-11 03:00:00,33.18,219.62,143.5,0.939,OK
M-109,2026-09-11 04:00:00,30.81,219.29,155.74,0.936,OK
M-109,2026-09-11 05:00:00,32.11,221.57,150.96,0.977,OK
M-109,2026-09-11 06:00:00,43.59,222.06,196.46,0.944,OK
M-109,2026-09-11 07:00:00,44.99,220.17,195.58,0.945,OK
M-109,2026-09-11 08:00:00,48.42,218.15,236.08,0.916,OK
M-109,2026-09-11 09:00:00,51.85,219.99,231.86,0.942,OK
M-109,2026-09-11 10:00:00,51.83,221.08,232.49,0.939,OK
M-109,2026-09-11 11:00:00,52.27,219.79,231.61,0.956,OK
M-109,2026-09-11 12:00:00,53.17,219.35,232.81,0.925,OK
M-109,2026-09-11 13:00:00,50.4,219.83,231.0,0.949,OK
M-109,2026-09-11 14:00:00,50.19,219.74,234.93,0.956,OK
M-109,2026-09-11 15:00:00,50.48,218.98,233.47,0.923,OK
M-109,2026-09-11 16:00:00,52.42,220.07,234.79,0.959,OK
M-109,2026-09-11 17:00:00,53.78,220.78,230.26,0.943,OK
M-109,2026-09-11 18:00:00,41.54,217.93,194.18,0.962,OK
M-109,2026-09-11 19:00:00,43.2,219.3,190.6,0.914,OK
M-109,2026-09-11 20:00:00,41.79,218.41,191.75,0.952,OK
M-109,2026-09-11 21:00:00,44.49,219.63,193.12,0.947,OK
M-109,2026-09-11 22:00:00,42.29,219.22,189.95,0.936,OK
M-109,2026-09-11 23:00:00,42.74,220.25,193.23,0.917,OK
M-109,2026-09-12 00:00:00,34.25,223.06,151.21,0.934,OK
M-109,2026-09-12 01:00:00,33.67,220.23,159.69,0.939,OK
M-109,2026-09-12 02:00:00,31.44,218.61,155.78,0.946,OK
M-109,2026-09-12 03:00:00,32.31,218.29,150.63,0.96,OK
M-109,2026-09-12 04:00:00,32.65,221.5,147.55,0.932,OK
M-109,2026-09-12 05:00:00,33.69,220.57,153.72,0.907,OK
M-109,2026-09-12 06:00:00,43.5,219.61,192.9,0.938,OK
M-109,2026-09-12 07:00:00,39.58,218.36,193.78,0.936,OK
M-109,2026-09-12 08:00:00,51.79,219.02,238.42,0.962,OK
M-109,2026-09-12 09:00:00,53.13,218.67,233.91,0.918,OK
M-109,2026-09-12 10:00:00,51.98,221.44,232.99,0.93,OK
M-109,2026-09-12 11:00:00,49.99,219.18,235.9,0.94,OK
M-109,2026-09-12 12:00:00,53.2,220.15,235.55,0.943,OK
M-109,2026-09-12 13:00:00,48.64,220.19,236.38,0.953,OK
M-109,2026-09-12 14:00:00,110.35,218.24,492.65,0.736,OK
M-109,2026-09-12 15:00:00,109.07,217.55,491.96,0.734,OK
M-109,2026-09-12 16:00:00,114.07,218.05,506.63,0.763,OK
M-109,2026-09-12 17:00:00,102.7,216.61,484.97,0.741,OK
M-109,2026-09-12 18:00:00,88.16,218.38,395.37,0.772,OK
M-109,2026-09-12 19:00:00,93.45,217.27,412.56,0.727,OK
M-109,2026-09-12 20:00:00,89.13,216.58,418.99,0.733,OK
M-109,2026-09-12 21:00:00,92.83,215.98,413.11,0.736,OK
M-109,2026-09-12 22:00:00,87.08,218.32,406.16,0.728,OK
M-109,2026-09-12 23:00:00,92.76,219.79,406.36,0.745,OK
M-109,2026-09-13 00:00:00,69.21,216.6,321.14,0.713,OK
M-109,2026-09-13 01:00:00,68.69,215.09,315.91,0.739,OK
M-109,2026-09-13 02:00:00,62.17,217.29,315.33,0.741,OK
M-109,2026-09-13 03:00:00,68.08,216.06,316.98,0.74,OK
M-109,2026-09-13 04:00:00,69.76,217.32,311.85,0.744,OK
M-109,2026-09-13 05:00:00,68.96,216.83,332.77,0.736,OK
M-109,2026-09-13 06:00:00,87.36,217.82,399.6,0.73,OK
M-109,2026-09-13 07:00:00,86.84,215.82,402.33,0.714,OK
M-109,2026-09-13 08:00:00,106.54,217.24,499.42,0.763,OK
M-109,2026-09-13 09:00:00,110.87,219.26,497.22,0.739,OK
M-109,2026-09-13 10:00:00,108.42,218.85,493.85,0.74,OK
M-109,2026-09-13 11:00:00,105.88,216.02,497.62,0.748,OK
M-109,2026-09-13 12:00:00,109.67,217.68,492.73,0.718,OK
M-109,2026-09-13 13:00:00,108.77,220.43,491.0,0.742,OK
M-109,2026-09-13 14:00:00,106.06,218.57,485.24,0.735,OK
M-109,2026-09-13 15:00:00,105.37,217.78,496.04,0.75,OK
M-109,2026-09-13 16:00:00,108.26,217.28,494.92,0.745,OK
M-109,2026-09-13 17:00:00,109.71,217.07,500.82,0.728,OK
M-109,2026-09-13 18:00:00,88.36,214.86,410.47,0.713,OK
M-109,2026-09-13 19:00:00,92.15,215.48,415.3,0.742,OK
M-109,2026-09-13 20:00:00,87.45,217.37,404.08,0.721,OK
M-109,2026-09-13 21:00:00,84.92,216.83,403.82,0.723,OK
M-109,2026-09-13 22:00:00,91.69,216.49,403.09,0.744,OK
M-109,2026-09-13 23:00:00,88.41,215.88,411.0,0.719,OK
M-109,2026-09-14 00:00:00,68.45,215.51,317.9,0.719,OK
M-109,2026-09-14 01:00:00,70.2,215.26,312.75,0.754,OK
M-109,2026-09-14 02:00:00,67.3,217.03,324.76,0.744,OK
M-109,2026-09-14 03:00:00,68.8,215.64,300.79,0.738,OK
M-109,2026-09-14 04:00:00,70.85,216.94,306.25,0.723,OK
M-109,2026-09-14 05:00:00,70.39,217.89,317.4,0.756,OK
M-109,2026-09-14 06:00:00,90.51,216.58,411.14,0.782,OK
M-109,2026-09-14 07:00:00,84.52,218.08,402.4,0.751,OK
M-109,2026-09-14 08:00:00,109.93,214.5,498.17,0.764,OK
M-109,2026-09-14 09:00:00,107.46,214.56,501.77,0.744,OK
M-109,2026-09-14 10:00:00,106.18,217.38,497.52,0.745,OK
M-109,2026-09-14 11:00:00,104.41,216.78,493.56,0.747,OK
M-109,2026-09-14 12:00:00,111.72,215.47,494.87,0.742,OK
M-109,2026-09-14 13:00:00,117.51,213.43,504.29,0.741,OK
M-109,2026-09-14 14:00:00,111.52,216.45,492.77,0.736,OK
M-109,2026-09-14 15:00:00,110.16,218.43,486.68,0.739,OK
M-109,2026-09-14 16:00:00,104.85,215.15,501.0,0.732,OK
M-109,2026-09-14 17:00:00,106.15,216.18,507.43,0.708,OK
M-109,2026-09-14 18:00:00,86.79,217.94,408.59,0.774,OK
M-109,2026-09-14 19:00:00,93.89,215.93,406.9,0.764,OK
M-109,2026-09-14 20:00:00,87.56,216.5,401.57,0.721,OK
M-109,2026-09-14 21:00:00,87.21,217.88,404.25,0.734,OK
M-109,2026-09-14 22:00:00,84.35,217.25,395.62,0.741,OK
M-109,2026-09-14 23:00:00,86.89,217.47,402.78,0.761,OK
M-110,2026-09-01 00:00:00,21.23,222.15,101.07,0.938,OK
M-110,2026-09-01 01:00:00,22.3,219.43,100.69,0.953,OK
M-110,2026-09-01 02:00:00,22.36,219.58,102.47,0.95,OK
M-110,2026-09-01 03:00:00,24.25,222.54,107.03,0.932,OK
M-110,2026-09-01 04:00:00,22.95,221.34,99.35,0.938,OK
M-110,2026-09-01 05:00:00,19.92,221.87,99.77,0.954,OK
M-110,2026-09-01 06:00:00,29.08,221.49,129.45,0.958,OK
M-110,2026-09-01 07:00:00,28.14,223.09,129.05,0.952,OK
M-110,2026-09-01 08:00:00,34.78,220.74,157.11,0.943,OK
M-110,2026-09-01 09:00:00,35.01,220.83,155.28,0.938,OK
M-110,2026-09-01 10:00:00,34.87,220.75,158.55,0.92,OK
M-110,2026-09-01 11:00:00,35.55,219.81,157.16,0.962,OK
M-110,2026-09-01 12:00:00,32.76,220.93,159.94,0.916,OK
M-110,2026-09-01 13:00:00,34.97,220.33,155.58,0.939,OK
M-110,2026-09-01 14:00:00,34.54,218.77,155.34,0.969,OK
M-110,2026-09-01 15:00:00,34.38,219.65,154.6,0.962,OK
M-110,2026-09-01 16:00:00,32.9,220.3,157.2,0.942,OK
M-110,2026-09-01 17:00:00,33.18,221.01,154.94,0.954,OK
M-110,2026-09-01 18:00:00,27.42,222.07,128.53,0.925,OK
M-110,2026-09-01 19:00:00,28.51,219.74,125.95,0.954,OK
M-110,2026-09-01 20:00:00,27.76,222.59,125.15,0.964,OK
M-110,2026-09-01 21:00:00,25.81,221.71,124.38,0.946,OK
M-110,2026-09-01 22:00:00,30.62,221.36,130.65,0.935,OK
M-110,2026-09-01 23:00:00,29.21,222.57,124.97,0.956,OK
M-110,2026-09-02 00:00:00,21.17,223.69,103.21,0.947,OK
M-110,2026-09-02 01:00:00,23.09,221.1,99.5,0.927,OK
M-110,2026-09-02 02:00:00,22.32,223.16,100.93,0.923,OK
M-110,2026-09-02 03:00:00,21.93,220.71,104.66,0.947,OK
M-110,2026-09-02 04:00:00,21.15,218.81,98.0,0.941,OK
M-110,2026-09-02 05:00:00,20.93,220.05,101.15,0.943,OK
M-110,2026-09-02 06:00:00,27.89,220.37,128.66,0.934,OK
M-110,2026-09-02 07:00:00,28.64,221.15,132.0,0.941,OK
M-110,2026-09-02 08:00:00,34.55,220.83,150.65,0.944,OK
M-110,2026-09-02 09:00:00,33.41,220.51,154.54,0.965,OK
M-110,2026-09-02 10:00:00,36.25,220.38,154.02,0.943,OK
M-110,2026-09-02 11:00:00,35.85,221.11,157.24,0.958,OK
M-110,2026-09-02 12:00:00,33.89,221.0,160.89,0.937,OK
M-110,2026-09-02 13:00:00,34.4,220.49,160.5,0.964,OK
M-110,2026-09-02 14:00:00,33.84,221.79,154.5,0.937,OK
M-110,2026-09-02 15:00:00,35.87,219.95,157.85,0.949,OK
M-110,2026-09-02 16:00:00,33.95,223.27,157.85,0.944,OK
M-110,2026-09-02 17:00:00,35.47,221.03,156.87,0.948,OK
M-110,2026-09-02 18:00:00,27.32,220.65,129.81,0.936,OK
M-110,2026-09-02 19:00:00,29.94,220.73,129.1,0.97,OK
M-110,2026-09-02 20:00:00,25.95,219.94,132.62,0.953,OK
M-110,2026-09-02 21:00:00,27.7,222.58,126.03,0.978,OK
M-110,2026-09-02 22:00:00,28.21,221.07,129.81,0.976,OK
M-110,2026-09-02 23:00:00,25.56,220.13,129.93,0.915,OK
M-110,2026-09-03 00:00:00,21.82,220.21,106.34,0.962,OK
M-110,2026-09-03 01:00:00,24.0,221.14,100.76,0.924,OK
M-110,2026-09-03 02:00:00,21.32,221.07,103.52,0.956,OK
M-110,2026-09-03 03:00:00,22.51,220.48,107.38,0.974,OK
M-110,2026-09-03 04:00:00,22.51,219.53,105.88,0.953,OK
M-110,2026-09-03 05:00:00,21.77,222.47,101.22,0.956,OK
M-110,2026-09-03 06:00:00,30.23,220.01,126.79,0.95,OK
M-110,2026-09-03 07:00:00,28.47,219.85,128.24,0.968,OK
M-110,2026-09-03 08:00:00,34.21,221.02,161.08,0.96,OK
M-110,2026-09-03 09:00:00,35.5,221.44,154.33,0.979,OK
M-110,2026-09-03 10:00:00,35.07,221.83,159.5,0.955,OK
M-110,2026-09-03 11:00:00,34.98,221.92,158.44,0.93,OK
M-110,2026-09-03 12:00:00,35.07,220.53,156.25,0.969,OK
M-110,2026-09-03 13:00:00,33.69,221.95,152.62,0.929,OK
M-110,2026-09-03 14:00:00,32.02,221.19,159.52,0.957,OK
M-110,2026-09-03 15:00:00,34.1,219.58,152.65,0.946,OK
M-110,2026-09-03 16:00:00,32.94,220.45,157.72,0.953,OK
M-110,2026-09-03 17:00:00,34.94,221.6,157.96,0.945,OK
M-110,2026-09-03 18:00:00,28.78,218.09,129.51,0.96,OK
M-110,2026-09-03 19:00:00,28.73,219.46,130.49,0.945,OK
M-110,2026-09-03 20:00:00,26.99,219.31,131.03,0.936,OK
M-110,2026-09-03 21:00:00,29.27,219.89,126.91,0.964,OK
M-110,2026-09-03 22:00:00,29.85,222.02,130.97,0.947,OK
M-110,2026-09-03 23:00:00,28.23,221.2,126.86,0.942,OK
M-110,2026-09-04 00:00:00,21.71,222.42,102.6,0.956,OK
M-110,2026-09-04 01:00:00,24.83,218.79,98.68,0.961,OK
M-110,2026-09-04 02:00:00,21.24,218.88,99.98,0.937,OK
M-110,2026-09-04 03:00:00,20.22,220.53,99.5,0.951,OK
M-110,2026-09-04 04:00:00,24.06,219.05,102.83,0.959,OK
M-110,2026-09-04 05:00:00,22.48,220.97,100.51,0.953,OK
M-110,2026-09-04 06:00:00,27.55,222.42,128.25,0.939,OK
M-110,2026-09-04 07:00:00,27.08,219.64,128.61,0.924,OK
M-110,2026-09-04 08:00:00,34.24,220.95,161.15,0.953,OK
M-110,2026-09-04 09:00:00,31.74,221.11,158.11,0.94,OK
M-110,2026-09-04 10:00:00,34.97,219.73,157.31,0.955,OK
M-110,2026-09-04 11:00:00,36.4,219.96,156.12,0.947,OK
M-110,2026-09-04 12:00:00,35.92,221.69,153.12,0.94,OK
M-110,2026-09-04 13:00:00,35.06,220.32,155.11,0.973,OK
M-110,2026-09-04 14:00:00,32.75,223.08,158.26,0.96,OK
M-110,2026-09-04 15:00:00,32.86,220.1,152.96,0.952,OK
M-110,2026-09-04 16:00:00,35.04,219.95,152.98,0.938,OK
M-110,2026-09-04 17:00:00,34.47,219.88,162.75,0.935,OK
M-110,2026-09-04 18:00:00,26.93,220.95,130.71,0.937,OK
M-110,2026-09-04 19:00:00,28.01,221.36,126.43,0.99,OK
M-110,2026-09-04 20:00:00,29.29,220.2,128.52,0.93,OK
M-110,2026-09-04 21:00:00,29.55,220.44,130.84,0.968,OK
M-110,2026-09-04 22:00:00,28.55,221.36,131.12,0.947,OK
M-110,2026-09-04 23:00:00,27.18,222.01,128.36,0.942,OK
M-110,2026-09-05 00:00:00,22.94,221.94,97.55,0.955,OK
M-110,2026-09-05 01:00:00,20.64,222.12,100.13,0.931,OK
M-110,2026-09-05 02:00:00,20.82,223.56,100.59,0.94,OK
M-110,2026-09-05 03:00:00,23.01,220.29,101.58,0.952,OK
M-110,2026-09-05 04:00:00,21.69,219.01,99.73,0.95,OK
M-110,2026-09-05 05:00:00,23.58,222.31,100.97,0.959,OK
M-110,2026-09-05 06:00:00,28.44,220.42,126.92,0.928,OK
M-110,2026-09-05 07:00:00,28.15,223.06,129.24,0.958,OK
M-110,2026-09-05 08:00:00,33.51,220.75,152.48,0.962,OK
M-110,2026-09-05 09:00:00,34.41,220.78,158.43,0.961,OK
M-110,2026-09-05 10:00:00,32.48,219.67,161.61,0.962,OK
M-110,2026-09-05 11:00:00,34.34,220.71,156.45,0.954,OK
M-110,2026-09-05 12:00:00,35.36,222.69,159.98,0.955,OK
M-110,2026-09-05 13:00:00,37.12,222.29,157.08,0.956,OK
M-110,2026-09-05 14:00:00,33.95,221.6,157.34,0.95,OK
M-110,2026-09-05 15:00:00,35.3,220.97,159.4,0.906,OK
M-110,2026-09-05 16:00:00,37.07,220.01,155.91,0.933,OK
M-110,2026-09-05 17:00:00,34.25,220.12,155.11,0.94,OK
M-110,2026-09-05 18:00:00,29.26,221.98,134.89,0.967,OK
M-110,2026-09-05 19:00:00,27.99,221.51,129.11,0.94,OK
M-110,2026-09-05 20:00:00,27.92,222.31,131.36,0.951,OK
M-110,2026-09-05 21:00:00,26.85,219.27,127.91,0.951,OK
M-110,2026-09-05 22:00:00,28.88,221.29,127.99,0.956,OK
M-110,2026-09-05 23:00:00,28.88,220.7,125.2,0.956,OK
M-110,2026-09-06 00:00:00,24.53,221.66,99.98,0.963,OK
M-110,2026-09-06 01:00:00,22.04,222.44,104.25,0.971,OK
M-110,2026-09-06 02:00:00,22.96,220.26,107.88,0.982,OK
M-110,2026-09-06 03:00:00,23.4,220.62,104.82,0.963,OK
M-110,2026-09-06 04:00:00,24.32,220.8,97.54,0.918,OK
M-110,2026-09-06 05:00:00,22.07,220.74,98.35,0.99,OK
M-110,2026-09-06 06:00:00,30.92,221.67,124.48,0.962,OK
M-110,2026-09-06 07:00:00,28.05,221.33,129.33,0.93,OK
M-110,2026-09-06 08:00:00,33.28,221.12,157.32,0.939,OK
M-110,2026-09-06 09:00:00,33.61,222.06,156.53,0.949,OK
M-110,2026-09-06 10:00:00,36.99,221.23,154.71,0.945,OK
M-110,2026-09-06 11:00:00,35.54,223.31,154.46,0.925,OK
M-110,2026-09-06 12:00:00,37.12,221.66,157.07,0.97,OK
M-110,2026-09-06 13:00:00,35.92,221.72,154.61,0.978,OK
M-110,2026-09-06 14:00:00,33.48,221.46,163.16,0.944,OK
M-110,2026-09-06 15:00:00,33.47,218.65,156.13,0.944,OK
M-110,2026-09-06 16:00:00,34.35,221.9,153.58,0.947,OK
M-110,2026-09-06 17:00:00,33.83,221.43,155.82,0.951,OK
M-110,2026-09-06 18:00:00,27.54,220.94,129.18,0.933,OK
M-110,2026-09-06 19:00:00,28.12,221.69,130.54,0.947,OK
M-110,2026-09-06 20:00:00,29.47,219.86,125.86,0.946,OK
M-110,2026-09-06 21:00:00,30.62,220.67,129.29,0.973,OK
M-110,2026-09-06 22:00:00,28.12,220.39,135.5,0.935,OK
M-110,2026-09-06 23:00:00,28.29,220.03,128.05,0.989,OK
M-110,2026-09-07 00:00:00,22.77,220.45,102.19,0.941,OK
M-110,2026-09-07 01:00:00,23.76,219.63,95.77,0.946,OK
M-110,2026-09-07 02:00:00,24.21,221.5,99.68,0.95,OK
M-110,2026-09-07 03:00:00,24.13,221.88,96.05,0.947,OK
M-110,2026-09-07 04:00:00,23.61,221.03,98.34,0.948,OK
M-110,2026-09-07 05:00:00,20.92,220.3,96.96,0.952,OK
M-110,2026-09-07 06:00:00,27.46,218.74,127.81,0.944,OK
M-110,2026-09-07 07:00:00,29.95,220.9,130.92,0.954,OK
M-110,2026-09-07 08:00:00,33.56,223.48,161.67,0.952,OK
M-110,2026-09-07 09:00:00,38.35,219.5,154.76,0.939,OK
M-110,2026-09-07 10:00:00,34.41,220.66,163.74,0.937,OK
M-110,2026-09-07 11:00:00,33.46,222.2,160.22,0.943,OK
M-110,2026-09-07 12:00:00,32.09,223.07,153.41,0.96,OK
M-110,2026-09-07 13:00:00,34.81,223.35,162.41,0.949,OK
M-110,2026-09-07 14:00:00,34.7,220.66,155.05,0.928,OK
M-110,2026-09-07 15:00:00,32.63,222.3,151.63,0.927,OK
M-110,2026-09-07 16:00:00,37.45,223.08,154.61,0.945,OK
M-110,2026-09-07 17:00:00,32.53,222.68,160.65,0.936,OK
M-110,2026-09-07 18:00:00,28.06,220.86,126.08,0.952,OK
M-110,2026-09-07 19:00:00,28.03,220.3,123.34,0.961,OK
M-110,2026-09-07 20:00:00,28.23,219.88,127.82,0.941,OK
M-110,2026-09-07 21:00:00,30.49,221.86,125.38,0.951,OK
M-110,2026-09-07 22:00:00,28.86,220.58,126.6,0.95,OK
M-110,2026-09-07 23:00:00,27.79,221.55,129.79,0.983,OK
M-110,2026-09-08 00:00:00,22.71,222.4,95.06,0.947,OK
M-110,2026-09-08 01:00:00,25.14,220.39,105.21,0.961,OK
M-110,2026-09-08 02:00:00,21.49,221.81,100.81,0.967,OK
M-110,2026-09-08 03:00:00,23.57,223.98,101.02,0.945,OK
M-110,2026-09-08 04:00:00,20.07,222.77,96.56,0.949,OK
M-110,2026-09-08 05:00:00,22.54,220.46,99.17,0.938,OK
M-110,2026-09-08 06:00:00,29.18,221.52,128.51,0.955,OK
M-110,2026-09-08 07:00:00,27.92,219.15,124.42,0.99,OK
M-110,2026-09-08 08:00:00,36.79,220.19,160.82,0.95,OK
M-110,2026-09-08 09:00:00,33.58,220.29,152.86,0.97,OK
M-110,2026-09-08 10:00:00,35.9,220.62,153.89,0.961,OK
M-110,2026-09-08 11:00:00,33.92,221.48,157.04,0.956,OK
M-110,2026-09-08 12:00:00,35.08,220.34,154.84,0.933,OK
M-110,2026-09-08 13:00:00,32.53,221.98,156.46,0.929,OK
M-110,2026-09-08 14:00:00,35.1,218.8,159.15,0.946,OK
M-110,2026-09-08 15:00:00,37.02,218.76,158.46,0.96,OK
M-110,2026-09-08 16:00:00,33.67,220.17,158.87,0.949,OK
M-110,2026-09-08 17:00:00,33.97,220.32,156.81,0.947,OK
M-110,2026-09-08 18:00:00,26.87,221.21,130.27,0.926,OK
M-110,2026-09-08 19:00:00,29.91,221.19,128.27,0.961,OK
M-110,2026-09-08 20:00:00,28.98,220.65,132.3,0.966,OK
M-110,2026-09-08 21:00:00,28.69,221.48,130.32,0.969,OK
M-110,2026-09-08 22:00:00,29.53,220.23,127.47,0.949,OK
M-110,2026-09-08 23:00:00,27.46,218.45,125.64,0.927,OK
M-110,2026-09-09 00:00:00,25.1,223.28,98.83,0.956,OK
M-110,2026-09-09 01:00:00,22.25,221.01,96.3,0.978,OK
M-110,2026-09-09 02:00:00,24.5,219.62,101.62,0.936,OK
M-110,2026-09-09 03:00:00,21.13,222.96,104.63,0.953,OK
M-110,2026-09-09 04:00:00,21.9,219.83,105.45,0.951,OK
M-110,2026-09-09 05:00:00,22.97,220.24,98.21,0.939,OK
M-110,2026-09-09 06:00:00,30.5,221.14,134.54,0.946,OK
M-110,2026-09-09 07:00:00,27.68,220.34,128.81,0.949,OK
M-110,2026-09-09 08:00:00,35.3,220.77,155.58,0.947,OK
M-110,2026-09-09 09:00:00,34.28,221.91,155.48,0.923,OK
M-110,2026-09-09 10:00:00,36.92,221.73,157.21,0.961,OK
M-110,2026-09-09 11:00:00,33.73,219.76,154.06,0.946,OK
M-110,2026-09-09 12:00:00,35.7,221.73,155.05,0.914,OK
M-110,2026-09-09 13:00:00,34.18,220.79,160.3,0.938,OK
M-110,2026-09-09 14:00:00,33.8,219.79,147.72,0.966,OK
M-110,2026-09-09 15:00:00,33.9,218.2,155.41,0.926,OK
M-110,2026-09-09 16:00:00,36.39,219.44,158.65,0.941,OK
M-110,2026-09-09 17:00:00,34.68,218.6,153.21,0.948,OK
M-110,2026-09-09 18:00:00,29.32,222.05,130.58,0.927,OK
M-110,2026-09-09 19:00:00,28.6,220.9,127.99,0.947,OK
M-110,2026-09-09 20:00:00,27.6,222.39,119.75,0.955,OK
M-110,2026-09-09 21:00:00,26.44,220.46,130.22,0.944,OK
M-110,2026-09-09 22:00:00,27.44,220.04,130.41,0.934,OK
M-110,2026-09-09 23:00:00,30.1,220.82,128.26,0.96,OK
M-110,2026-09-10 00:00:00,21.39,221.37,99.4,0.927,OK
M-110,2026-09-10 01:00:00,22.63,222.03,98.53,0.958,OK
M-110,2026-09-10 02:00:00,22.9,220.88,95.98,0.932,OK
M-110,2026-09-10 03:00:00,22.27,219.15,93.85,0.968,OK
M-110,2026-09-10 04:00:00,22.84,219.91,99.74,0.934,OK
M-110,2026-09-10 05:00:00,22.6,222.86,99.77,0.947,OK
M-110,2026-09-10 06:00:00,28.6,220.57,124.63,0.953,OK
M-110,2026-09-10 07:00:00,28.0,221.39,127.34,0.973,OK
M-110,2026-09-10 08:00:00,34.92,221.75,160.23,0.966,OK
M-110,2026-09-10 09:00:00,33.87,220.76,156.18,0.958,OK
M-110,2026-09-10 10:00:00,35.83,222.05,157.18,0.942,OK
M-110,2026-09-10 11:00:00,35.96,221.81,159.85,0.952,OK
M-110,2026-09-10 12:00:00,35.72,221.24,154.12,0.955,OK
M-110,2026-09-10 13:00:00,32.86,219.5,158.22,0.944,OK
M-110,2026-09-10 14:00:00,34.78,221.1,154.61,0.951,OK
M-110,2026-09-10 15:00:00,33.57,220.08,158.5,0.984,OK
M-110,2026-09-10 16:00:00,34.57,219.82,153.29,0.967,OK
M-110,2026-09-10 17:00:00,34.15,222.02,152.71,0.944,OK
M-110,2026-09-10 18:00:00,29.43,221.33,131.61,0.986,OK
M-110,2026-09-10 19:00:00,26.11,220.69,126.35,0.984,OK
M-110,2026-09-10 20:00:00,31.04,220.05,132.67,0.94,OK
M-110,2026-09-10 21:00:00,27.36,222.79,126.45,0.946,OK
M-110,2026-09-10 22:00:00,28.36,219.0,131.12,0.951,OK
M-110,2026-09-10 23:00:00,26.98,220.3,127.92,0.94,OK
M-110,2026-09-11 00:00:00,22.64,220.74,101.46,0.956,OK
M-110,2026-09-11 01:00:00,21.1,220.75,102.84,0.943,OK
M-110,2026-09-11 02:00:00,21.21,223.24,100.08,0.949,OK
M-110,2026-09-11 03:00:00,20.72,220.43,103.56,0.954,OK
M-110,2026-09-11 04:00:00,21.47,220.29,104.64,0.971,OK
M-110,2026-09-11 05:00:00,20.85,222.68,99.92,0.953,OK
M-110,2026-09-11 06:00:00,31.7,221.31,127.99,0.979,OK
M-110,2026-09-11 07:00:00,26.4,220.05,123.89,0.962,OK
M-110,2026-09-11 08:00:00,32.47,221.63,158.59,0.98,OK
M-110,2026-09-11 09:00:00,36.18,222.63,157.89,0.958,OK
M-110,2026-09-11 10:00:00,34.08,220.32,153.37,0.949,OK
M-110,2026-09-11 11:00:00,34.97,220.74,150.39,0.95,OK
M-110,2026-09-11 12:00:00,35.49,221.22,161.68,0.936,OK
M-110,2026-09-11 13:00:00,32.17,219.96,158.86,0.963,OK
M-110,2026-09-11 14:00:00,36.68,221.66,152.17,0.969,OK
M-110,2026-09-11 15:00:00,36.15,219.98,150.51,0.931,OK
M-110,2026-09-11 16:00:00,35.45,217.76,158.04,0.945,OK
M-110,2026-09-11 17:00:00,35.84,221.18,157.24,0.945,OK
M-110,2026-09-11 18:00:00,27.04,221.06,128.75,0.959,OK
M-110,2026-09-11 19:00:00,29.5,222.31,129.06,0.944,OK
M-110,2026-09-11 20:00:00,26.5,221.15,130.23,0.957,OK
M-110,2026-09-11 21:00:00,26.75,221.85,134.17,0.946,OK
M-110,2026-09-11 22:00:00,27.21,219.68,132.03,0.984,OK
M-110,2026-09-11 23:00:00,27.66,220.78,133.96,0.974,OK
M-110,2026-09-12 00:00:00,21.29,221.97,100.86,0.96,OK
M-110,2026-09-12 01:00:00,23.86,221.1,99.34,0.969,OK
M-110,2026-09-12 02:00:00,21.33,220.74,102.52,0.953,OK
M-110,2026-09-12 03:00:00,22.44,220.69,98.44,0.952,OK
M-110,2026-09-12 04:00:00,22.18,222.21,105.52,0.954,OK
M-110,2026-09-12 05:00:00,21.25,223.37,98.33,0.935,OK
M-110,2026-09-12 06:00:00,28.68,220.63,129.88,0.935,OK
M-110,2026-09-12 07:00:00,27.42,220.15,127.16,0.97,OK
M-110,2026-09-12 08:00:00,34.71,221.13,155.23,0.96,OK
M-110,2026-09-12 09:00:00,34.24,219.47,159.51,0.968,OK
M-110,2026-09-12 10:00:00,34.71,220.17,156.66,0.932,OK
M-110,2026-09-12 11:00:00,32.39,221.71,154.51,0.936,OK
M-110,2026-09-12 12:00:00,32.55,220.54,154.07,0.945,OK
M-110,2026-09-12 13:00:00,34.54,222.5,159.9,0.98,OK
M-110,2026-09-12 14:00:00,32.45,221.84,154.23,0.943,OK
M-110,2026-09-12 15:00:00,35.93,222.9,157.42,0.966,OK
M-110,2026-09-12 16:00:00,36.21,220.88,155.56,0.945,OK
M-110,2026-09-12 17:00:00,32.61,221.89,161.22,0.945,OK
M-110,2026-09-12 18:00:00,30.35,218.79,126.91,0.965,OK
M-110,2026-09-12 19:00:00,26.73,221.25,128.21,0.956,OK
M-110,2026-09-12 20:00:00,29.71,221.66,130.54,0.938,OK
M-110,2026-09-12 21:00:00,28.93,222.87,124.28,0.929,OK
M-110,2026-09-12 22:00:00,28.03,220.12,124.84,0.95,OK
M-110,2026-09-12 23:00:00,27.78,221.27,132.23,0.943,OK
M-110,2026-09-13 00:00:00,22.13,222.09,104.46,0.933,OK
M-110,2026-09-13 01:00:00,21.37,221.42,102.22,0.934,OK
M-110,2026-09-13 02:00:00,23.37,222.56,98.13,0.958,OK
M-110,2026-09-13 03:00:00,20.74,220.34,99.21,0.952,OK
M-110,2026-09-13 04:00:00,22.03,219.33,97.36,0.958,OK
M-110,2026-09-13 05:00:00,22.72,221.32,101.12,0.941,OK
M-110,2026-09-13 06:00:00,28.78,222.41,136.42,0.946,OK
M-110,2026-09-13 07:00:00,27.79,222.28,120.22,0.962,OK
M-110,2026-09-13 08:00:00,33.96,219.61,152.5,0.957,OK
M-110,2026-09-13 09:00:00,34.59,221.1,158.87,0.965,OK
M-110,2026-09-13 10:00:00,35.24,218.49,159.29,0.931,OK
M-110,2026-09-13 11:00:00,34.21,223.26,160.04,0.948,OK
M-110,2026-09-13 12:00:00,33.86,222.04,150.94,0.942,OK
M-110,2026-09-13 13:00:00,38.86,223.53,154.58,0.961,OK
M-110,2026-09-13 14:00:00,33.28,221.93,157.5,0.947,OK
M-110,2026-09-13 15:00:00,35.89,221.72,159.25,0.95,OK
M-110,2026-09-13 16:00:00,33.08,221.21,156.57,0.922,OK
M-110,2026-09-13 17:00:00,34.96,219.44,156.51,0.945,OK
M-110,2026-09-13 18:00:00,28.08,221.26,134.59,0.966,OK
M-110,2026-09-13 19:00:00,28.36,221.81,123.18,0.94,OK
M-110,2026-09-13 20:00:00,28.05,221.09,125.64,0.966,OK
M-110,2026-09-13 21:00:00,29.83,223.07,133.56,0.919,OK
M-110,2026-09-13 22:00:00,26.85,221.76,123.38,0.94,OK
M-110,2026-09-13 23:00:00,27.84,221.46,128.15,0.928,OK
M-110,2026-09-14 00:00:00,20.56,222.44,100.8,0.95,OK
M-110,2026-09-14 01:00:00,21.21,222.14,94.36,0.939,OK
M-110,2026-09-14 02:00:00,20.71,219.27,95.65,0.936,OK
M-110,2026-09-14 03:00:00,21.99,221.22,97.17,0.946,OK
M-110,2026-09-14 04:00:00,25.43,221.19,95.69,0.953,OK
M-110,2026-09-14 05:00:00,20.88,221.92,101.09,0.951,OK
M-110,2026-09-14 06:00:00,30.46,219.99,122.27,0.972,OK
M-110,2026-09-14 07:00:00,29.8,222.48,130.42,0.921,OK
M-110,2026-09-14 08:00:00,35.83,220.21,159.99,0.989,OK
M-110,2026-09-14 09:00:00,34.99,221.46,150.22,0.939,OK
M-110,2026-09-14 10:00:00,36.35,220.28,158.44,0.973,OK
M-110,2026-09-14 11:00:00,36.04,220.82,154.32,0.958,OK
M-110,2026-09-14 12:00:00,34.21,221.04,155.8,0.934,OK
M-110,2026-09-14 13:00:00,31.59,218.61,157.52,0.935,OK
M-110,2026-09-14 14:00:00,32.24,221.51,151.85,0.947,OK
M-110,2026-09-14 15:00:00,34.36,220.21,152.85,0.956,OK
M-110,2026-09-14 16:00:00,34.65,222.16,159.27,0.946,OK
M-110,2026-09-14 17:00:00,32.13,220.88,154.53,0.938,OK
M-110,2026-09-14 18:00:00,27.04,223.92,129.01,0.943,OK
M-110,2026-09-14 19:00:00,28.52,222.49,124.86,0.963,OK
M-110,2026-09-14 20:00:00,29.65,220.49,132.88,0.945,OK
M-110,2026-09-14 21:00:00,30.91,218.34,130.7,0.957,OK
M-110,2026-09-14 22:00:00,27.71,221.49,131.49,0.924,OK
M-110,2026-09-14 23:00:00,28.9,221.44,129.43,0.959,OK
M-111,2026-09-01 00:00:00,31.76,220.03,134.44,0.957,OK
M-111,2026-09-01 01:00:00,32.88,220.25,135.95,0.946,OK
M-111,2026-09-01 02:00:00,29.9,222.6,133.26,0.929,OK
M-111,2026-09-01 03:00:00,31.25,218.22,132.82,0.937,OK
M-111,2026-09-01 04:00:00,28.7,220.11,134.93,0.925,OK
M-111,2026-09-01 05:00:00,31.73,221.9,136.47,0.944,OK
M-111,2026-09-01 06:00:00,37.67,219.31,172.31,0.942,OK
M-111,2026-09-01 07:00:00,37.46,220.15,165.82,0.933,OK
M-111,2026-09-01 08:00:00,45.56,221.53,208.29,0.927,OK
M-111,2026-09-01 09:00:00,45.42,219.0,204.9,0.931,OK
M-111,2026-09-01 10:00:00,45.63,220.38,208.96,0.924,OK
M-111,2026-09-01 11:00:00,47.86,218.92,210.03,0.958,OK
M-111,2026-09-01 12:00:00,46.41,220.43,206.73,0.94,OK
M-111,2026-09-01 13:00:00,46.74,219.6,207.76,0.91,OK
M-111,2026-09-01 14:00:00,46.71,220.93,206.08,0.947,OK
M-111,2026-09-01 15:00:00,45.4,220.25,210.27,0.942,OK
M-111,2026-09-01 16:00:00,45.71,219.14,212.25,0.935,OK
M-111,2026-09-01 17:00:00,44.06,219.3,209.38,0.933,OK
M-111,2026-09-01 18:00:00,36.94,218.5,170.39,0.906,OK
M-111,2026-09-01 19:00:00,38.41,221.02,163.86,0.963,OK
M-111,2026-09-01 20:00:00,37.47,219.97,174.1,0.964,OK
M-111,2026-09-01 21:00:00,37.04,219.9,163.11,0.966,OK
M-111,2026-09-01 22:00:00,38.52,220.39,168.65,0.955,OK
M-111,2026-09-01 23:00:00,37.59,219.38,178.08,0.955,OK
M-111,2026-09-02 00:00:00,30.66,219.49,131.1,0.955,OK
M-111,2026-09-02 01:00:00,29.74,218.04,134.21,0.95,OK
M-111,2026-09-02 02:00:00,29.95,220.43,133.01,0.934,OK
M-111,2026-09-02 03:00:00,28.63,219.44,132.47,0.973,OK
M-111,2026-09-02 04:00:00,30.89,222.44,130.29,0.934,OK
M-111,2026-09-02 05:00:00,29.56,217.64,135.89,0.936,OK
M-111,2026-09-02 06:00:00,36.86,220.44,170.82,0.939,OK
M-111,2026-09-02 07:00:00,37.53,220.36,173.4,0.941,OK
M-111,2026-09-02 08:00:00,46.14,220.21,212.71,0.932,OK
M-111,2026-09-02 09:00:00,43.06,219.44,202.9,0.938,OK
M-111,2026-09-02 10:00:00,45.09,219.32,208.25,0.926,OK
M-111,2026-09-02 11:00:00,46.84,218.67,211.31,0.944,OK
M-111,2026-09-02 12:00:00,43.06,219.29,202.78,0.957,OK
M-111,2026-09-02 13:00:00,44.75,220.04,204.75,0.941,OK
M-111,2026-09-02 14:00:00,44.74,219.68,213.16,0.942,OK
M-111,2026-09-02 15:00:00,45.32,221.48,208.52,0.965,OK
M-111,2026-09-02 16:00:00,44.78,220.66,210.5,0.955,OK
M-111,2026-09-02 17:00:00,45.78,221.12,206.64,0.954,OK
M-111,2026-09-02 18:00:00,40.07,219.87,170.8,0.903,OK
M-111,2026-09-02 19:00:00,35.3,218.68,169.02,0.952,OK
M-111,2026-09-02 20:00:00,35.75,219.45,168.7,0.958,OK
M-111,2026-09-02 21:00:00,36.81,220.23,171.56,0.954,OK
M-111,2026-09-02 22:00:00,39.0,217.96,170.1,0.937,OK
M-111,2026-09-02 23:00:00,37.69,219.11,171.06,0.957,OK
M-111,2026-09-03 00:00:00,29.54,219.45,130.44,0.969,OK
M-111,2026-09-03 01:00:00,30.52,218.75,136.35,0.93,OK
M-111,2026-09-03 02:00:00,28.5,219.79,133.75,0.933,OK
M-111,2026-09-03 03:00:00,28.97,219.78,130.82,0.957,OK
M-111,2026-09-03 04:00:00,27.25,221.66,134.24,0.937,OK
M-111,2026-09-03 05:00:00,28.73,218.82,135.97,0.94,OK
M-111,2026-09-03 06:00:00,36.16,219.82,164.59,0.921,OK
M-111,2026-09-03 07:00:00,37.7,222.23,173.55,0.941,OK
M-111,2026-09-03 08:00:00,47.45,219.54,208.4,0.911,OK
M-111,2026-09-03 09:00:00,48.36,221.66,204.05,0.948,OK
M-111,2026-09-03 10:00:00,44.46,222.56,208.14,0.963,OK
M-111,2026-09-03 11:00:00,45.15,220.12,205.06,0.938,OK
M-111,2026-09-03 12:00:00,47.72,217.97,209.42,0.947,OK
M-111,2026-09-03 13:00:00,45.65,220.3,207.31,0.958,OK
M-111,2026-09-03 14:00:00,47.39,219.93,204.95,0.933,OK
M-111,2026-09-03 15:00:00,43.4,222.21,206.87,0.914,OK
M-111,2026-09-03 16:00:00,45.88,220.35,207.03,0.926,OK
M-111,2026-09-03 17:00:00,43.78,221.6,203.06,0.925,OK
M-111,2026-09-03 18:00:00,36.97,219.12,176.51,0.945,OK
M-111,2026-09-03 19:00:00,39.32,218.4,173.25,0.929,OK
M-111,2026-09-03 20:00:00,38.17,219.09,175.99,0.933,OK
M-111,2026-09-03 21:00:00,38.35,220.82,172.06,0.927,OK
M-111,2026-09-03 22:00:00,36.92,221.51,170.85,0.936,OK
M-111,2026-09-03 23:00:00,37.69,222.24,167.12,0.942,OK
M-111,2026-09-04 00:00:00,31.14,220.1,133.29,0.917,OK
M-111,2026-09-04 01:00:00,26.29,220.09,136.96,0.943,OK
M-111,2026-09-04 02:00:00,27.65,221.27,130.49,0.966,OK
M-111,2026-09-04 03:00:00,28.59,220.23,135.21,0.938,OK
M-111,2026-09-04 04:00:00,32.3,221.49,131.84,0.946,OK
M-111,2026-09-04 05:00:00,29.49,220.35,137.32,0.939,OK
M-111,2026-09-04 06:00:00,39.79,221.44,173.95,0.882,OK
M-111,2026-09-04 07:00:00,38.38,219.96,170.84,0.949,OK
M-111,2026-09-04 08:00:00,46.31,219.68,209.23,0.962,OK
M-111,2026-09-04 09:00:00,47.09,220.59,208.83,0.957,OK
M-111,2026-09-04 10:00:00,47.45,221.19,206.86,0.943,OK
M-111,2026-09-04 11:00:00,48.8,219.25,210.49,0.975,OK
M-111,2026-09-04 12:00:00,42.77,219.16,209.11,0.968,OK
M-111,2026-09-04 13:00:00,46.3,219.68,204.82,0.929,OK
M-111,2026-09-04 14:00:00,45.46,219.1,206.21,0.944,OK
M-111,2026-09-04 15:00:00,46.51,218.01,204.21,0.945,OK
M-111,2026-09-04 16:00:00,46.72,220.66,209.39,0.964,OK
M-111,2026-09-04 17:00:00,47.42,223.72,215.24,0.914,OK
M-111,2026-09-04 18:00:00,34.42,220.61,170.18,0.939,OK
M-111,2026-09-04 19:00:00,38.78,219.17,169.39,0.932,OK
M-111,2026-09-04 20:00:00,37.42,219.42,172.73,0.936,OK
M-111,2026-09-04 21:00:00,38.58,221.34,169.6,0.926,OK
M-111,2026-09-04 22:00:00,36.02,220.49,171.11,0.927,OK
M-111,2026-09-04 23:00:00,39.74,219.25,175.97,0.962,OK
M-111,2026-09-05 00:00:00,25.95,218.97,136.43,0.955,OK
M-111,2026-09-05 01:00:00,28.08,219.03,132.99,0.937,OK
M-111,2026-09-05 02:00:00,32.26,222.53,132.88,0.934,OK
M-111,2026-09-05 03:00:00,31.76,219.66,128.32,0.932,OK
M-111,2026-09-05 04:00:00,31.83,217.49,133.76,0.92,OK
M-111,2026-09-05 05:00:00,28.0,220.97,136.0,0.935,OK
M-111,2026-09-05 06:00:00,36.9,218.64,172.35,0.947,OK
M-111,2026-09-05 07:00:00,38.28,220.48,169.38,0.942,OK
M-111,2026-09-05 08:00:00,46.67,220.74,203.2,0.955,OK
M-111,2026-09-05 09:00:00,46.4,219.87,209.0,0.953,OK
M-111,2026-09-05 10:00:00,46.02,220.98,203.76,0.915,OK
M-111,2026-09-05 11:00:00,46.34,219.46,206.05,0.943,OK
M-111,2026-09-05 12:00:00,44.86,220.07,208.74,0.931,OK
M-111,2026-09-05 13:00:00,47.93,220.76,207.81,0.961,OK
M-111,2026-09-05 14:00:00,48.02,219.64,208.94,0.919,OK
M-111,2026-09-05 15:00:00,46.23,220.43,210.48,0.888,OK
M-111,2026-09-05 16:00:00,47.23,219.64,209.99,0.955,OK
M-111,2026-09-05 17:00:00,46.86,221.53,205.14,0.921,OK
M-111,2026-09-05 18:00:00,37.63,219.01,169.73,0.945,OK
M-111,2026-09-05 19:00:00,39.69,220.87,173.94,0.915,OK
M-111,2026-09-05 20:00:00,35.72,219.96,170.7,0.933,OK
M-111,2026-09-05 21:00:00,40.58,220.65,170.52,0.955,OK
M-111,2026-09-05 22:00:00,37.8,218.87,177.97,0.931,OK
M-111,2026-09-05 23:00:00,36.31,220.96,174.89,0.932,OK
M-111,2026-09-06 00:00:00,28.22,220.43,137.35,0.961,OK
M-111,2026-09-06 01:00:00,29.43,220.36,134.73,0.931,OK
M-111,2026-09-06 02:00:00,29.3,220.59,129.65,0.951,OK
M-111,2026-09-06 03:00:00,31.01,219.85,135.2,0.963,OK
M-111,2026-09-06 04:00:00,30.86,221.74,137.37,0.938,OK
M-111,2026-09-06 05:00:00,30.1,218.62,135.52,0.923,OK
M-111,2026-09-06 06:00:00,35.77,219.6,169.88,0.918,OK
M-111,2026-09-06 07:00:00,37.94,221.42,169.91,0.97,OK
M-111,2026-09-06 08:00:00,46.6,220.78,205.11,0.94,OK
M-111,2026-09-06 09:00:00,45.56,219.44,204.62,0.937,OK
M-111,2026-09-06 10:00:00,47.13,222.19,208.73,0.95,OK
M-111,2026-09-06 11:00:00,46.56,218.76,206.28,0.931,OK
M-111,2026-09-06 12:00:00,44.87,218.79,199.52,0.964,OK
M-111,2026-09-06 13:00:00,46.47,220.48,206.07,0.911,OK
M-111,2026-09-06 14:00:00,46.34,219.85,211.03,0.913,OK
M-111,2026-09-06 15:00:00,45.3,220.31,211.04,0.919,OK
M-111,2026-09-06 16:00:00,49.47,219.71,203.44,0.924,OK
M-111,2026-09-06 17:00:00,44.37,220.76,205.84,0.959,OK
M-111,2026-09-06 18:00:00,37.14,220.57,167.17,0.948,OK
M-111,2026-09-06 19:00:00,38.08,219.86,171.03,0.941,OK
M-111,2026-09-06 20:00:00,37.45,222.67,173.41,0.943,OK
M-111,2026-09-06 21:00:00,37.71,219.21,170.97,0.951,OK
M-111,2026-09-06 22:00:00,38.38,221.08,168.94,0.94,OK
M-111,2026-09-06 23:00:00,36.26,220.28,171.25,0.954,OK
M-111,2026-09-07 00:00:00,30.77,219.43,132.87,0.94,OK
M-111,2026-09-07 01:00:00,30.06,220.36,134.65,0.939,OK
M-111,2026-09-07 02:00:00,31.02,222.98,131.18,0.951,OK
M-111,2026-09-07 03:00:00,27.83,220.93,133.76,0.935,OK
M-111,2026-09-07 04:00:00,27.28,220.65,130.08,0.914,OK
M-111,2026-09-07 05:00:00,27.35,219.73,134.81,0.93,OK
M-111,2026-09-07 06:00:00,36.98,220.58,165.79,0.928,OK
M-111,2026-09-07 07:00:00,36.92,219.69,171.24,0.929,OK
M-111,2026-09-07 08:00:00,42.94,220.09,208.3,0.932,OK
M-111,2026-09-07 09:00:00,44.36,220.58,207.24,0.941,OK
M-111,2026-09-07 10:00:00,48.38,219.87,209.31,0.951,OK
M-111,2026-09-07 11:00:00,45.99,221.56,207.34,0.927,OK
M-111,2026-09-07 12:00:00,45.95,220.37,210.77,0.934,OK
M-111,2026-09-07 13:00:00,43.36,222.49,200.39,0.945,OK
M-111,2026-09-07 14:00:00,45.04,218.86,208.25,0.935,OK
M-111,2026-09-07 15:00:00,44.51,217.47,202.96,0.916,OK
M-111,2026-09-07 16:00:00,47.45,220.64,204.24,0.954,OK
M-111,2026-09-07 17:00:00,45.94,220.16,206.3,0.934,OK
M-111,2026-09-07 18:00:00,39.53,221.74,175.83,0.908,OK
M-111,2026-09-07 19:00:00,37.06,220.56,170.21,0.914,OK
M-111,2026-09-07 20:00:00,35.1,219.33,174.12,0.918,OK
M-111,2026-09-07 21:00:00,36.06,219.01,171.37,0.944,OK
M-111,2026-09-07 22:00:00,36.25,221.71,164.97,0.946,OK
M-111,2026-09-07 23:00:00,37.22,221.76,168.64,0.949,OK
M-111,2026-09-08 00:00:00,31.24,220.06,131.45,0.946,OK
M-111,2026-09-08 01:00:00,28.69,219.3,132.91,0.946,OK
M-111,2026-09-08 02:00:00,27.54,220.37,134.92,0.937,OK
M-111,2026-09-08 03:00:00,30.19,219.2,132.11,0.948,OK
M-111,2026-09-08 04:00:00,30.4,219.29,131.68,0.937,OK
M-111,2026-09-08 05:00:00,28.69,220.38,137.78,0.94,OK
M-111,2026-09-08 06:00:00,36.32,219.27,172.42,0.93,OK
M-111,2026-09-08 07:00:00,38.88,217.0,171.36,0.938,OK
M-111,2026-09-08 08:00:00,46.11,220.19,206.18,0.913,OK
M-111,2026-09-08 09:00:00,41.67,220.34,204.27,0.892,OK
M-111,2026-09-08 10:00:00,44.65,219.71,201.43,0.969,OK
M-111,2026-09-08 11:00:00,45.59,221.01,206.88,0.94,OK
M-111,2026-09-08 12:00:00,45.6,220.57,209.98,0.944,OK
M-111,2026-09-08 13:00:00,45.71,221.1,206.16,0.935,OK
M-111,2026-09-08 14:00:00,47.77,221.72,204.06,0.947,OK
M-111,2026-09-08 15:00:00,44.47,219.22,208.73,0.941,OK
M-111,2026-09-08 16:00:00,45.19,221.13,206.8,0.948,OK
M-111,2026-09-08 17:00:00,44.23,220.32,204.0,0.945,OK
M-111,2026-09-08 18:00:00,36.71,220.98,174.97,0.931,OK
M-111,2026-09-08 19:00:00,36.64,219.6,169.52,0.959,OK
M-111,2026-09-08 20:00:00,39.2,220.81,170.31,0.952,OK
M-111,2026-09-08 21:00:00,37.81,220.71,171.41,0.947,OK
M-111,2026-09-08 22:00:00,36.55,219.65,168.17,0.929,OK
M-111,2026-09-08 23:00:00,35.51,220.42,172.23,0.92,OK
M-111,2026-09-09 00:00:00,29.16,220.22,132.65,0.924,OK
M-111,2026-09-09 01:00:00,27.49,218.16,134.76,0.937,OK
M-111,2026-09-09 02:00:00,29.03,220.3,132.83,0.964,OK
M-111,2026-09-09 03:00:00,27.12,216.99,135.83,0.961,OK
M-111,2026-09-09 04:00:00,26.46,219.53,140.51,0.959,OK
M-111,2026-09-09 05:00:00,31.15,219.57,131.89,0.927,OK
M-111,2026-09-09 06:00:00,38.9,219.02,168.93,0.948,OK
M-111,2026-09-09 07:00:00,36.37,220.13,169.21,0.93,OK
M-111,2026-09-09 08:00:00,45.18,219.75,211.8,0.935,OK
M-111,2026-09-09 09:00:00,45.66,218.76,208.56,0.946,OK
M-111,2026-09-09 10:00:00,46.3,222.15,201.83,0.962,OK
M-111,2026-09-09 11:00:00,44.72,220.27,203.83,0.919,OK
M-111,2026-09-09 12:00:00,47.97,221.95,205.79,0.928,OK
M-111,2026-09-09 13:00:00,45.75,219.61,211.0,0.944,OK
M-111,2026-09-09 14:00:00,47.56,218.49,205.53,0.918,OK
M-111,2026-09-09 15:00:00,46.8,221.27,208.37,0.936,OK
M-111,2026-09-09 16:00:00,43.77,223.44,200.14,0.948,OK
M-111,2026-09-09 17:00:00,46.13,218.28,208.04,0.928,OK
M-111,2026-09-09 18:00:00,40.33,219.08,172.18,0.922,OK
M-111,2026-09-09 19:00:00,36.95,222.46,169.25,0.937,OK
M-111,2026-09-09 20:00:00,35.94,220.32,170.02,0.921,OK
M-111,2026-09-09 21:00:00,38.32,220.17,173.83,0.928,OK
M-111,2026-09-09 22:00:00,36.93,219.84,165.22,0.945,OK
M-111,2026-09-09 23:00:00,36.38,220.95,176.02,0.913,OK
M-111,2026-09-10 00:00:00,26.86,221.89,130.25,0.953,OK
M-111,2026-09-10 01:00:00,31.96,219.75,133.23,0.921,OK
M-111,2026-09-10 02:00:00,30.04,219.72,132.61,0.964,OK
M-111,2026-09-10 03:00:00,29.33,218.09,137.19,0.98,OK
M-111,2026-09-10 04:00:00,28.96,221.04,135.32,0.933,OK
M-111,2026-09-10 05:00:00,30.75,219.14,135.81,0.929,OK
M-111,2026-09-10 06:00:00,37.79,221.67,169.85,0.951,OK
M-111,2026-09-10 07:00:00,37.61,217.54,172.02,0.931,OK
M-111,2026-09-10 08:00:00,46.35,220.24,210.55,0.962,OK
M-111,2026-09-10 09:00:00,47.22,219.83,205.74,0.946,OK
M-111,2026-09-10 10:00:00,45.25,218.67,211.79,0.945,OK
M-111,2026-09-10 11:00:00,47.02,219.35,206.26,0.939,OK
M-111,2026-09-10 12:00:00,47.14,218.72,205.7,0.957,OK
M-111,2026-09-10 13:00:00,46.52,220.91,210.22,0.973,OK
M-111,2026-09-10 14:00:00,47.59,220.56,205.03,0.932,OK
M-111,2026-09-10 15:00:00,45.24,219.66,202.96,0.948,OK
M-111,2026-09-10 16:00:00,45.82,218.17,203.9,0.972,OK
M-111,2026-09-10 17:00:00,46.41,220.55,204.73,0.973,OK
M-111,2026-09-10 18:00:00,38.65,223.18,161.84,0.912,OK
M-111,2026-09-10 19:00:00,37.41,219.11,166.8,0.944,OK
M-111,2026-09-10 20:00:00,34.61,221.38,169.93,0.927,OK
M-111,2026-09-10 21:00:00,35.63,219.59,169.78,0.931,OK
M-111,2026-09-10 22:00:00,35.94,220.71,171.76,0.924,OK
M-111,2026-09-10 23:00:00,36.33,218.84,170.61,0.943,OK
M-111,2026-09-11 00:00:00,31.72,218.54,133.02,0.946,OK
M-111,2026-09-11 01:00:00,29.25,220.57,132.75,0.95,OK
M-111,2026-09-11 02:00:00,29.57,222.48,133.02,0.958,OK
M-111,2026-09-11 03:00:00,30.77,218.79,133.59,0.957,OK
M-111,2026-09-11 04:00:00,29.74,219.71,131.47,0.926,OK
M-111,2026-09-11 05:00:00,31.11,220.22,135.25,0.939,OK
M-111,2026-09-11 06:00:00,36.7,218.3,163.81,0.929,OK
M-111,2026-09-11 07:00:00,36.38,220.97,171.07,0.938,OK
M-111,2026-09-11 08:00:00,48.03,219.84,204.85,0.939,OK
M-111,2026-09-11 09:00:00,47.56,220.16,207.52,0.915,OK
M-111,2026-09-11 10:00:00,44.57,217.51,210.49,0.96,OK
M-111,2026-09-11 11:00:00,46.67,219.0,204.96,0.968,OK
M-111,2026-09-11 12:00:00,48.04,220.16,206.84,0.93,OK
M-111,2026-09-11 13:00:00,46.12,219.91,205.18,0.967,OK
M-111,2026-09-11 14:00:00,45.78,218.36,204.06,0.942,OK
M-111,2026-09-11 15:00:00,44.78,218.06,207.94,0.95,OK
M-111,2026-09-11 16:00:00,44.33,219.59,207.34,0.966,OK
M-111,2026-09-11 17:00:00,46.18,220.67,213.04,0.961,OK
M-111,2026-09-11 18:00:00,37.41,221.46,171.24,0.954,OK
M-111,2026-09-11 19:00:00,38.52,219.81,169.22,0.957,OK
M-111,2026-09-11 20:00:00,39.74,219.11,168.42,0.926,OK
M-111,2026-09-11 21:00:00,38.96,220.98,167.41,0.948,OK
M-111,2026-09-11 22:00:00,36.9,218.25,174.89,0.965,OK
M-111,2026-09-11 23:00:00,38.2,221.91,163.98,0.955,OK
M-111,2026-09-12 00:00:00,28.88,218.12,130.31,0.976,OK
M-111,2026-09-12 01:00:00,28.13,220.32,129.41,0.915,OK
M-111,2026-09-12 02:00:00,28.05,220.56,136.18,0.934,OK
M-111,2026-09-12 03:00:00,29.55,219.93,131.87,0.929,OK
M-111,2026-09-12 04:00:00,28.65,219.13,131.37,0.956,OK
M-111,2026-09-12 05:00:00,30.68,218.57,130.4,0.938,OK
M-111,2026-09-12 06:00:00,40.95,219.81,167.12,0.941,OK
M-111,2026-09-12 07:00:00,37.56,221.39,168.83,0.947,OK
M-111,2026-09-12 08:00:00,47.19,221.07,208.97,0.964,OK
M-111,2026-09-12 09:00:00,47.92,221.46,214.17,0.93,OK
M-111,2026-09-12 10:00:00,47.19,222.3,209.33,0.925,OK
M-111,2026-09-12 11:00:00,46.76,220.62,205.16,0.937,OK
M-111,2026-09-12 12:00:00,46.64,220.95,202.97,0.943,OK
M-111,2026-09-12 13:00:00,46.15,219.54,213.05,0.945,OK
M-111,2026-09-12 14:00:00,46.07,222.67,207.79,0.941,OK
M-111,2026-09-12 15:00:00,45.07,219.63,212.81,0.916,OK
M-111,2026-09-12 16:00:00,44.81,217.84,203.46,0.935,OK
M-111,2026-09-12 17:00:00,45.81,220.76,210.74,0.949,OK
M-111,2026-09-12 18:00:00,36.38,221.67,172.85,0.946,OK
M-111,2026-09-12 19:00:00,38.35,221.27,166.41,0.967,OK
M-111,2026-09-12 20:00:00,38.2,219.81,168.42,0.934,OK
M-111,2026-09-12 21:00:00,37.18,220.34,172.14,0.955,OK
M-111,2026-09-12 22:00:00,38.28,219.4,167.61,0.932,OK
M-111,2026-09-12 23:00:00,37.44,222.35,175.58,0.953,OK
M-111,2026-09-13 00:00:00,29.7,220.26,129.12,0.928,OK
M-111,2026-09-13 01:00:00,31.97,220.46,128.38,0.927,OK
M-111,2026-09-13 02:00:00,29.51,221.23,135.2,0.939,OK
M-111,2026-09-13 03:00:00,30.66,220.29,131.21,0.955,OK
M-111,2026-09-13 04:00:00,30.02,219.67,131.61,0.955,OK
M-111,2026-09-13 05:00:00,27.88,220.72,130.37,0.933,OK
M-111,2026-09-13 06:00:00,35.54,218.68,174.25,0.937,OK
M-111,2026-09-13 07:00:00,36.79,218.94,169.31,0.951,OK
M-111,2026-09-13 08:00:00,46.09,219.27,210.15,0.972,OK
M-111,2026-09-13 09:00:00,43.06,222.1,202.44,0.947,OK
M-111,2026-09-13 10:00:00,46.43,220.69,208.49,0.944,OK
M-111,2026-09-13 11:00:00,44.47,220.79,209.65,0.961,OK
M-111,2026-09-13 12:00:00,48.57,218.53,208.19,0.967,OK
M-111,2026-09-13 13:00:00,44.39,219.69,208.21,0.934,OK
M-111,2026-09-13 14:00:00,47.07,220.62,207.93,0.928,OK
M-111,2026-09-13 15:00:00,45.66,219.76,204.89,0.938,OK
M-111,2026-09-13 16:00:00,48.69,217.45,206.42,0.961,OK
M-111,2026-09-13 17:00:00,46.59,219.48,206.81,0.926,OK
M-111,2026-09-13 18:00:00,40.63,217.91,170.36,0.945,OK
M-111,2026-09-13 19:00:00,39.53,218.92,170.67,0.925,OK
M-111,2026-09-13 20:00:00,36.34,219.91,174.76,0.915,OK
M-111,2026-09-13 21:00:00,38.3,219.46,170.62,0.925,OK
M-111,2026-09-13 22:00:00,36.12,220.3,173.46,0.947,OK
M-111,2026-09-13 23:00:00,38.09,219.44,171.18,0.937,OK
M-111,2026-09-14 00:00:00,31.27,218.53,137.44,0.937,OK
M-111,2026-09-14 01:00:00,30.78,222.14,138.85,0.928,OK
M-111,2026-09-14 02:00:00,31.43,221.25,133.38,0.952,OK
M-111,2026-09-14 03:00:00,27.62,221.21,134.85,0.94,OK
M-111,2026-09-14 04:00:00,29.15,220.82,128.49,0.943,OK
M-111,2026-09-14 05:00:00,28.14,220.19,132.22,0.932,OK
M-111,2026-09-14 06:00:00,37.72,221.62,164.95,0.94,OK
M-111,2026-09-14 07:00:00,36.07,221.23,162.82,0.948,OK
M-111,2026-09-14 08:00:00,46.24,221.03,209.79,0.943,OK
M-111,2026-09-14 09:00:00,45.54,220.51,205.95,0.961,OK
M-111,2026-09-14 10:00:00,45.77,220.45,211.63,0.946,OK
M-111,2026-09-14 11:00:00,49.53,222.01,212.16,0.928,OK
M-111,2026-09-14 12:00:00,49.21,219.73,206.95,0.908,OK
M-111,2026-09-14 13:00:00,46.41,220.49,203.95,0.923,OK
M-111,2026-09-14 14:00:00,48.62,222.74,208.85,0.925,OK
M-111,2026-09-14 15:00:00,48.24,220.25,201.79,0.931,OK
M-111,2026-09-14 16:00:00,45.25,218.9,205.65,0.921,OK
M-111,2026-09-14 17:00:00,45.26,221.4,207.55,0.944,OK
M-111,2026-09-14 18:00:00,39.47,219.48,165.77,0.951,OK
M-111,2026-09-14 19:00:00,38.23,221.12,167.62,0.932,OK
M-111,2026-09-14 20:00:00,36.55,220.01,171.66,0.932,OK
M-111,2026-09-14 21:00:00,36.88,219.53,166.99,0.957,OK
M-111,2026-09-14 22:00:00,38.09,220.62,173.08,0.931,OK
M-111,2026-09-14 23:00:00,35.25,219.19,167.42,0.929,OK
M-112,2026-09-01 00:00:00,22.16,223.65,97.95,0.939,OK
M-112,2026-09-01 01:00:00,22.96,220.72,99.81,0.957,OK
M-112,2026-09-01 02:00:00,22.49,220.84,94.86,0.941,OK
M-112,2026-09-01 03:00:00,17.81,220.15,95.25,0.934,OK
M-112,2026-09-01 04:00:00,21.43,221.97,90.69,0.957,OK
M-112,2026-09-01 05:00:00,20.36,219.57,94.85,0.961,OK
M-112,2026-09-01 06:00:00,26.92,221.6,122.23,0.94,OK
M-112,2026-09-01 07:00:00,24.71,221.83,124.31,0.942,OK
M-112,2026-09-01 08:00:00,33.01,222.37,151.61,0.942,OK
M-112,2026-09-01 09:00:00,30.54,220.63,143.89,0.972,OK
M-112,2026-09-01 10:00:00,31.53,220.26,146.05,0.942,OK
M-112,2026-09-01 11:00:00,32.47,222.3,144.0,0.948,OK
M-112,2026-09-01 12:00:00,35.7,222.91,144.32,0.971,OK
M-112,2026-09-01 13:00:00,31.94,219.89,146.65,0.936,OK
M-112,2026-09-01 14:00:00,32.48,219.08,147.9,0.984,OK
M-112,2026-09-01 15:00:00,32.14,220.25,148.04,0.946,OK
M-112,2026-09-01 16:00:00,32.01,220.98,147.83,0.962,OK
M-112,2026-09-01 17:00:00,32.78,220.99,149.95,0.953,OK
M-112,2026-09-01 18:00:00,26.37,221.39,124.45,0.948,OK
M-112,2026-09-01 19:00:00,26.44,221.04,121.11,0.949,OK
M-112,2026-09-01 20:00:00,25.95,221.99,123.73,0.977,OK
M-112,2026-09-01 21:00:00,25.9,218.71,123.44,0.962,OK
M-112,2026-09-01 22:00:00,24.79,221.4,118.49,0.941,OK
M-112,2026-09-01 23:00:00,25.69,221.88,119.99,0.936,OK
M-112,2026-09-02 00:00:00,20.81,221.98,93.9,0.963,OK
M-112,2026-09-02 01:00:00,18.49,220.27,98.18,0.954,OK
M-112,2026-09-02 02:00:00,19.66,224.06,96.15,0.952,OK
M-112,2026-09-02 03:00:00,20.28,219.24,94.34,0.972,OK
M-112,2026-09-02 04:00:00,21.29,219.78,91.89,0.95,OK
M-112,2026-09-02 05:00:00,22.09,222.34,91.59,0.949,OK
M-112,2026-09-02 06:00:00,25.47,223.1,120.04,0.929,OK
M-112,2026-09-02 07:00:00,25.73,221.26,124.3,0.938,OK
M-112,2026-09-02 08:00:00,33.73,221.4,150.88,0.941,OK
M-112,2026-09-02 09:00:00,31.88,219.43,148.69,0.97,OK
M-112,2026-09-02 10:00:00,34.69,221.43,147.13,0.968,OK
M-112,2026-09-02 11:00:00,35.02,218.92,152.51,0.945,OK
M-112,2026-09-02 12:00:00,33.13,223.14,146.36,0.974,OK
M-112,2026-09-02 13:00:00,31.42,220.1,147.35,0.947,OK
M-112,2026-09-02 14:00:00,32.19,219.93,150.7,0.911,OK
M-112,2026-09-02 15:00:00,30.39,220.21,144.76,0.953,OK
M-112,2026-09-02 16:00:00,31.08,219.88,144.21,0.933,OK
M-112,2026-09-02 17:00:00,31.76,221.83,146.05,0.935,OK
M-112,2026-09-02 18:00:00,26.22,221.97,119.8,0.948,OK
M-112,2026-09-02 19:00:00,28.05,220.94,117.98,0.941,OK
M-112,2026-09-02 20:00:00,25.09,223.08,121.24,0.937,OK
M-112,2026-09-02 21:00:00,26.51,219.25,117.5,0.938,OK
M-112,2026-09-02 22:00:00,26.1,220.73,120.22,0.925,OK
M-112,2026-09-02 23:00:00,25.87,219.37,122.95,0.945,OK
M-112,2026-09-03 00:00:00,21.26,221.41,92.69,0.927,OK
M-112,2026-09-03 01:00:00,22.03,221.07,96.14,0.967,OK
M-112,2026-09-03 02:00:00,20.45,222.65,93.19,0.978,OK
M-112,2026-09-03 03:00:00,19.98,222.25,94.7,0.949,OK
M-112,2026-09-03 04:00:00,21.65,220.33,97.38,0.956,OK
M-112,2026-09-03 05:00:00,20.87,219.81,91.39,0.94,OK
M-112,2026-09-03 06:00:00,27.89,221.9,124.32,0.957,OK
M-112,2026-09-03 07:00:00,27.22,221.49,122.27,0.957,OK
M-112,2026-09-03 08:00:00,30.65,219.77,145.47,0.967,OK
M-112,2026-09-03 09:00:00,34.63,222.88,141.33,0.951,OK
M-112,2026-09-03 10:00:00,33.8,222.73,149.36,0.953,OK
M-112,2026-09-03 11:00:00,30.71,221.62,147.52,0.947,OK
M-112,2026-09-03 12:00:00,33.34,220.29,147.64,0.934,OK
M-112,2026-09-03 13:00:00,31.97,218.65,148.45,0.938,OK
M-112,2026-09-03 14:00:00,29.88,222.44,145.99,0.932,OK
M-112,2026-09-03 15:00:00,33.39,222.74,156.39,0.952,OK
M-112,2026-09-03 16:00:00,33.6,219.11,143.73,0.95,OK
M-112,2026-09-03 17:00:00,33.0,220.32,151.12,0.953,OK
M-112,2026-09-03 18:00:00,26.89,220.91,121.05,0.937,OK
M-112,2026-09-03 19:00:00,27.04,220.47,122.03,0.96,OK
M-112,2026-09-03 20:00:00,28.02,219.75,123.47,0.951,OK
M-112,2026-09-03 21:00:00,25.5,219.91,121.73,0.969,OK
M-112,2026-09-03 22:00:00,27.7,222.26,124.9,0.946,OK
M-112,2026-09-03 23:00:00,26.13,220.8,126.67,0.93,OK
M-112,2026-09-04 00:00:00,22.19,222.81,95.47,0.954,OK
M-112,2026-09-04 01:00:00,20.85,219.15,99.62,0.941,OK
M-112,2026-09-04 02:00:00,19.73,222.05,88.45,0.942,OK
M-112,2026-09-04 03:00:00,22.06,221.73,96.21,0.943,OK
M-112,2026-09-04 04:00:00,19.89,222.1,95.31,0.949,OK
M-112,2026-09-04 05:00:00,19.97,221.24,91.44,0.942,OK
M-112,2026-09-04 06:00:00,26.59,220.47,120.72,0.954,OK
M-112,2026-09-04 07:00:00,27.4,221.91,127.34,0.974,OK
M-112,2026-09-04 08:00:00,31.42,220.98,143.04,0.963,OK
M-112,2026-09-04 09:00:00,33.39,217.96,151.47,0.969,OK
M-112,2026-09-04 10:00:00,32.92,221.87,143.21,0.953,OK
M-112,2026-09-04 11:00:00,32.98,221.52,150.84,0.928,OK
M-112,2026-09-04 12:00:00,32.29,221.78,142.99,0.971,OK
M-112,2026-09-04 13:00:00,30.87,219.94,145.83,0.943,OK
M-112,2026-09-04 14:00:00,33.02,221.78,146.51,0.966,OK
M-112,2026-09-04 15:00:00,33.91,222.66,144.49,0.972,OK
M-112,2026-09-04 16:00:00,34.5,220.1,147.37,0.935,OK
M-112,2026-09-04 17:00:00,31.05,222.02,147.88,0.97,OK
M-112,2026-09-04 18:00:00,26.05,220.87,121.32,0.94,OK
M-112,2026-09-04 19:00:00,27.64,221.17,122.53,0.955,OK
M-112,2026-09-04 20:00:00,27.48,219.99,123.26,0.963,OK
M-112,2026-09-04 21:00:00,27.01,221.28,120.14,0.955,OK
M-112,2026-09-04 22:00:00,28.09,222.59,118.3,0.95,OK
M-112,2026-09-04 23:00:00,26.02,219.8,119.83,0.924,OK
M-112,2026-09-05 00:00:00,21.76,219.06,100.98,0.936,OK
M-112,2026-09-05 01:00:00,21.86,222.0,94.9,0.948,OK
M-112,2026-09-05 02:00:00,20.13,218.14,94.36,0.933,OK
M-112,2026-09-05 03:00:00,22.11,222.69,98.62,0.957,OK
M-112,2026-09-05 04:00:00,17.95,222.59,93.13,0.974,OK
M-112,2026-09-05 05:00:00,22.65,219.43,94.33,0.949,OK
M-112,2026-09-05 06:00:00,26.7,221.27,126.14,0.95,OK
M-112,2026-09-05 07:00:00,26.78,221.75,122.64,0.939,OK
M-112,2026-09-05 08:00:00,31.11,219.03,151.95,0.975,OK
M-112,2026-09-05 09:00:00,30.0,222.17,146.09,0.95,OK
M-112,2026-09-05 10:00:00,30.77,221.08,149.12,0.947,OK
M-112,2026-09-05 11:00:00,31.67,220.3,147.74,0.987,OK
M-112,2026-09-05 12:00:00,32.17,220.35,146.72,0.977,OK
M-112,2026-09-05 13:00:00,30.35,220.71,148.92,0.929,OK
M-112,2026-09-05 14:00:00,31.42,219.96,148.79,0.954,OK
M-112,2026-09-05 15:00:00,34.73,219.26,148.35,0.937,OK
M-112,2026-09-05 16:00:00,32.11,221.18,146.78,0.955,OK
M-112,2026-09-05 17:00:00,34.73,219.62,147.83,0.967,OK
M-112,2026-09-05 18:00:00,28.32,220.7,122.14,0.959,OK
M-112,2026-09-05 19:00:00,26.41,221.68,115.27,0.963,OK
M-112,2026-09-05 20:00:00,28.55,221.27,119.25,0.954,OK
M-112,2026-09-05 21:00:00,26.79,221.04,121.78,0.953,OK
M-112,2026-09-05 22:00:00,27.64,220.09,125.1,0.947,OK
M-112,2026-09-05 23:00:00,26.13,219.06,119.74,0.95,OK
M-112,2026-09-06 00:00:00,21.5,220.99,94.57,0.956,OK
M-112,2026-09-06 01:00:00,22.71,219.59,93.78,0.949,OK
M-112,2026-09-06 02:00:00,23.33,221.78,91.56,0.967,OK
M-112,2026-09-06 03:00:00,17.8,221.72,96.27,0.946,OK
M-112,2026-09-06 04:00:00,20.04,220.61,93.27,0.945,OK
M-112,2026-09-06 05:00:00,20.24,222.43,94.01,0.932,OK
M-112,2026-09-06 06:00:00,24.41,220.77,125.06,0.944,OK
M-112,2026-09-06 07:00:00,26.54,220.37,122.07,0.958,OK
M-112,2026-09-06 08:00:00,31.23,218.34,146.93,0.968,OK
M-112,2026-09-06 09:00:00,32.25,221.57,149.85,0.958,OK
M-112,2026-09-06 10:00:00,32.47,219.85,149.0,0.932,OK
M-112,2026-09-06 11:00:00,32.35,222.71,145.8,0.956,OK
M-112,2026-09-06 12:00:00,31.55,221.16,147.03,0.949,OK
M-112,2026-09-06 13:00:00,32.83,219.33,148.05,0.918,OK
M-112,2026-09-06 14:00:00,31.99,220.57,149.52,0.969,OK
M-112,2026-09-06 15:00:00,32.42,222.38,151.91,0.966,OK
M-112,2026-09-06 16:00:00,30.92,222.47,147.89,0.954,OK
M-112,2026-09-06 17:00:00,33.2,223.3,143.68,0.938,OK
M-112,2026-09-06 18:00:00,24.09,218.06,120.39,0.934,OK
M-112,2026-09-06 19:00:00,30.01,219.29,120.3,0.95,OK
M-112,2026-09-06 20:00:00,25.51,219.93,124.03,0.954,OK
M-112,2026-09-06 21:00:00,25.19,221.6,129.24,0.948,OK
M-112,2026-09-06 22:00:00,26.3,220.09,119.78,0.938,OK
M-112,2026-09-06 23:00:00,28.86,218.44,119.78,0.933,OK
M-112,2026-09-07 00:00:00,22.09,220.84,94.28,0.968,OK
M-112,2026-09-07 01:00:00,19.87,220.2,96.94,0.959,OK
M-112,2026-09-07 02:00:00,20.37,221.98,94.32,0.961,OK
M-112,2026-09-07 03:00:00,20.66,222.92,93.63,0.959,OK
M-112,2026-09-07 04:00:00,20.37,222.23,93.08,0.952,OK
M-112,2026-09-07 05:00:00,20.67,221.41,95.38,0.949,OK
M-112,2026-09-07 06:00:00,28.24,221.64,125.22,0.971,OK
M-112,2026-09-07 07:00:00,26.69,222.21,123.51,0.965,OK
M-112,2026-09-07 08:00:00,33.67,223.35,149.73,0.942,OK
M-112,2026-09-07 09:00:00,32.28,220.56,147.2,0.92,OK
M-112,2026-09-07 10:00:00,34.27,221.2,144.76,0.929,OK
M-112,2026-09-07 11:00:00,33.29,219.64,145.48,0.953,OK
M-112,2026-09-07 12:00:00,31.57,221.21,146.12,0.962,OK
M-112,2026-09-07 13:00:00,31.42,221.03,144.87,0.958,OK
M-112,2026-09-07 14:00:00,34.38,220.62,144.63,0.968,OK
M-112,2026-09-07 15:00:00,35.05,220.11,144.86,0.956,OK
M-112,2026-09-07 16:00:00,31.73,221.29,145.56,0.973,OK
M-112,2026-09-07 17:00:00,30.78,220.31,152.34,0.955,OK
M-112,2026-09-07 18:00:00,28.75,220.64,122.42,0.961,OK
M-112,2026-09-07 19:00:00,26.45,220.75,123.0,0.963,OK
M-112,2026-09-07 20:00:00,24.87,219.31,118.4,0.949,OK
M-112,2026-09-07 21:00:00,24.69,219.67,119.36,0.972,OK
M-112,2026-09-07 22:00:00,25.39,221.3,117.58,0.975,OK
M-112,2026-09-07 23:00:00,26.53,222.55,121.32,0.963,OK
M-112,2026-09-08 00:00:00,21.43,221.55,93.29,0.93,OK
M-112,2026-09-08 01:00:00,20.07,222.56,99.33,0.957,OK
M-112,2026-09-08 02:00:00,18.37,220.18,91.42,0.947,OK
M-112,2026-09-08 03:00:00,19.25,223.12,94.3,0.956,OK
M-112,2026-09-08 04:00:00,21.16,219.03,91.99,0.932,OK
M-112,2026-09-08 05:00:00,18.7,221.46,95.27,0.936,OK
M-112,2026-09-08 06:00:00,26.87,223.35,125.85,0.962,OK
M-112,2026-09-08 07:00:00,26.45,222.62,123.65,0.92,OK
M-112,2026-09-08 08:00:00,34.41,220.36,146.21,0.945,OK
M-112,2026-09-08 09:00:00,32.9,220.66,144.51,0.958,OK
M-112,2026-09-08 10:00:00,32.76,220.61,148.98,0.96,OK
M-112,2026-09-08 11:00:00,33.85,221.51,150.83,0.964,OK
M-112,2026-09-08 12:00:00,33.61,222.46,155.87,0.949,OK
M-112,2026-09-08 13:00:00,31.29,220.6,147.06,0.958,OK
M-112,2026-09-08 14:00:00,31.57,219.33,151.42,0.926,OK
M-112,2026-09-08 15:00:00,32.3,219.49,145.31,0.94,OK
M-112,2026-09-08 16:00:00,31.49,220.26,147.87,0.942,OK
M-112,2026-09-08 17:00:00,32.47,222.76,150.88,0.952,OK
M-112,2026-09-08 18:00:00,26.97,221.58,120.89,0.956,OK
M-112,2026-09-08 19:00:00,28.4,220.72,115.77,0.955,OK
M-112,2026-09-08 20:00:00,26.65,219.44,118.62,0.962,OK
M-112,2026-09-08 21:00:00,25.7,222.03,116.18,0.957,OK
M-112,2026-09-08 22:00:00,26.53,220.86,118.7,0.968,OK
M-112,2026-09-08 23:00:00,24.58,220.25,116.75,0.95,OK
M-112,2026-09-09 00:00:00,20.23,222.31,96.97,0.954,OK
M-112,2026-09-09 01:00:00,21.61,221.01,95.86,0.931,OK
M-112,2026-09-09 02:00:00,19.54,220.82,90.99,0.953,OK
M-112,2026-09-09 03:00:00,19.0,219.95,95.26,0.934,OK
M-112,2026-09-09 04:00:00,20.07,221.73,91.68,0.947,OK
M-112,2026-09-09 05:00:00,21.94,220.51,93.71,0.978,OK
M-112,2026-09-09 06:00:00,24.57,222.99,125.29,0.961,OK
M-112,2026-09-09 07:00:00,26.25,220.61,125.72,0.939,OK
M-112,2026-09-09 08:00:00,31.98,219.86,146.13,0.967,OK
M-112,2026-09-09 09:00:00,31.47,219.27,147.75,0.95,OK
M-112,2026-09-09 10:00:00,30.98,220.87,144.3,0.966,OK
M-112,2026-09-09 11:00:00,33.05,220.84,149.37,0.945,OK
M-112,2026-09-09 12:00:00,33.51,222.0,146.15,0.969,OK
M-112,2026-09-09 13:00:00,31.39,220.35,145.76,0.928,OK
M-112,2026-09-09 14:00:00,31.87,219.75,151.74,0.97,OK
M-112,2026-09-09 15:00:00,31.92,220.18,154.18,0.948,OK
M-112,2026-09-09 16:00:00,31.3,222.61,145.78,0.957,OK
M-112,2026-09-09 17:00:00,33.82,221.79,143.89,0.935,OK
M-112,2026-09-09 18:00:00,24.94,221.27,122.16,0.951,OK
M-112,2026-09-09 19:00:00,27.61,222.76,124.06,0.932,OK
M-112,2026-09-09 20:00:00,28.63,220.56,127.09,0.925,OK
M-112,2026-09-09 21:00:00,24.88,223.42,120.05,0.95,OK
M-112,2026-09-09 22:00:00,25.88,219.41,119.38,0.963,OK
M-112,2026-09-09 23:00:00,26.56,221.75,127.74,0.962,OK
M-112,2026-09-10 00:00:00,20.57,219.95,91.77,0.929,OK
M-112,2026-09-10 01:00:00,22.06,222.14,93.89,0.952,OK
M-112,2026-09-10 02:00:00,20.5,221.36,91.53,0.947,OK
M-112,2026-09-10 03:00:00,22.05,221.74,92.89,0.975,OK
M-112,2026-09-10 04:00:00,21.23,221.69,97.4,0.978,OK
M-112,2026-09-10 05:00:00,21.36,220.96,97.14,0.938,OK
M-112,2026-09-10 06:00:00,25.11,219.79,125.24,0.961,OK
M-112,2026-09-10 07:00:00,27.22,220.38,124.19,0.938,OK
M-112,2026-09-10 08:00:00,32.97,219.52,146.96,0.979,OK
M-112,2026-09-10 09:00:00,31.45,220.71,144.86,0.969,OK
M-112,2026-09-10 10:00:00,29.66,219.91,151.35,0.954,OK
M-112,2026-09-10 11:00:00,31.6,221.15,153.82,0.939,OK
M-112,2026-09-10 12:00:00,32.09,221.21,148.11,0.957,OK
M-112,2026-09-10 13:00:00,32.48,220.59,143.71,0.959,OK
M-112,2026-09-10 14:00:00,31.61,221.04,149.86,0.947,OK
M-112,2026-09-10 15:00:00,34.03,220.19,142.63,0.968,OK
M-112,2026-09-10 16:00:00,34.86,221.06,154.7,0.957,OK
M-112,2026-09-10 17:00:00,33.54,221.38,151.67,0.964,OK
M-112,2026-09-10 18:00:00,27.28,219.9,123.01,0.945,OK
M-112,2026-09-10 19:00:00,26.0,219.02,117.87,0.944,OK
M-112,2026-09-10 20:00:00,26.34,221.67,121.76,0.953,OK
M-112,2026-09-10 21:00:00,26.35,222.05,118.69,0.948,OK
M-112,2026-09-10 22:00:00,26.12,220.12,120.88,0.942,OK
M-112,2026-09-10 23:00:00,25.95,221.79,120.58,0.956,OK
M-112,2026-09-11 00:00:00,22.89,223.35,98.68,0.958,OK
M-112,2026-09-11 01:00:00,21.59,221.99,93.58,0.94,OK
M-112,2026-09-11 02:00:00,18.97,219.5,99.62,0.957,OK
M-112,2026-09-11 03:00:00,19.74,222.52,98.42,0.958,OK
M-112,2026-09-11 04:00:00,22.5,223.68,95.06,0.961,OK
M-112,2026-09-11 05:00:00,19.71,220.82,95.25,0.946,OK
M-112,2026-09-11 06:00:00,24.53,219.34,122.6,0.912,OK
M-112,2026-09-11 07:00:00,26.23,219.97,119.17,0.903,OK
M-112,2026-09-11 08:00:00,31.37,220.24,147.32,0.956,OK
M-112,2026-09-11 09:00:00,34.29,222.23,149.39,0.967,OK
M-112,2026-09-11 10:00:00,31.16,222.19,149.16,0.943,OK
M-112,2026-09-11 11:00:00,31.45,219.22,149.43,0.934,OK
M-112,2026-09-11 12:00:00,31.61,221.26,149.19,0.965,OK
M-112,2026-09-11 13:00:00,31.28,221.63,144.91,0.938,OK
M-112,2026-09-11 14:00:00,31.7,221.35,142.27,0.973,OK
M-112,2026-09-11 15:00:00,31.14,220.93,150.91,0.924,OK
M-112,2026-09-11 16:00:00,31.32,220.62,144.97,0.956,OK
M-112,2026-09-11 17:00:00,34.88,220.42,143.55,0.937,OK
M-112,2026-09-11 18:00:00,25.03,221.0,121.73,0.923,OK
M-112,2026-09-11 19:00:00,26.7,221.01,117.82,0.969,OK
M-112,2026-09-11 20:00:00,27.28,220.37,121.97,0.951,OK
M-112,2026-09-11 21:00:00,27.41,220.88,122.83,0.953,OK
M-112,2026-09-11 22:00:00,24.97,221.85,119.24,0.963,OK
M-112,2026-09-11 23:00:00,26.8,221.61,125.88,0.947,OK
M-112,2026-09-12 00:00:00,19.29,221.92,99.36,0.977,OK
M-112,2026-09-12 01:00:00,23.7,219.46,91.18,0.907,OK
M-112,2026-09-12 02:00:00,22.07,221.12,97.01,0.932,OK
M-112,2026-09-12 03:00:00,20.76,221.94,95.59,0.954,OK
M-112,2026-09-12 04:00:00,21.74,222.42,94.67,0.959,OK
M-112,2026-09-12 05:00:00,19.34,222.47,99.21,0.957,OK
M-112,2026-09-12 06:00:00,27.04,219.04,126.42,0.969,OK
M-112,2026-09-12 07:00:00,26.06,221.14,124.73,0.931,OK
M-112,2026-09-12 08:00:00,31.83,220.75,150.91,0.941,OK
M-112,2026-09-12 09:00:00,31.66,223.1,149.77,0.918,OK
M-112,2026-09-12 10:00:00,36.12,221.7,148.45,0.943,OK
M-112,2026-09-12 11:00:00,32.48,219.74,148.42,0.938,OK
M-112,2026-09-12 12:00:00,34.02,221.53,143.18,0.944,OK
M-112,2026-09-12 13:00:00,31.23,219.85,153.76,0.933,OK
M-112,2026-09-12 14:00:00,32.24,221.01,145.53,0.952,OK
M-112,2026-09-12 15:00:00,32.79,220.16,147.47,0.96,OK
M-112,2026-09-12 16:00:00,32.33,222.78,146.35,0.948,OK
M-112,2026-09-12 17:00:00,33.9,222.55,151.52,0.96,OK
M-112,2026-09-12 18:00:00,26.68,220.71,121.25,0.917,OK
M-112,2026-09-12 19:00:00,27.61,221.99,122.17,0.948,OK
M-112,2026-09-12 20:00:00,27.54,219.6,117.31,0.913,OK
M-112,2026-09-12 21:00:00,26.51,219.92,119.12,0.955,OK
M-112,2026-09-12 22:00:00,26.13,224.05,117.14,0.949,OK
M-112,2026-09-12 23:00:00,25.27,220.79,119.43,0.947,OK
M-112,2026-09-13 00:00:00,22.57,241.23,164.8,0.98,OK
M-112,2026-09-13 01:00:00,22.43,215.71,97.41,0.95,OK
M-112,2026-09-13 02:00:00,22.3,220.13,92.0,0.975,OK
M-112,2026-09-13 03:00:00,20.27,239.75,161.67,0.72,OK
M-112,2026-09-13 04:00:00,20.34,218.58,86.06,0.956,OK
M-112,2026-09-13 05:00:00,20.74,223.78,85.54,0.934,OK
M-112,2026-09-13 06:00:00,25.95,202.75,52.27,0.58,OK
M-112,2026-09-13 07:00:00,27.83,221.34,125.68,0.955,OK
M-112,2026-09-13 08:00:00,32.89,217.75,135.88,0.934,OK
M-112,2026-09-13 09:00:00,34.77,204.43,71.2,0.58,OK
M-112,2026-09-13 10:00:00,29.62,222.07,131.59,0.961,OK
M-112,2026-09-13 11:00:00,30.76,221.15,141.58,0.949,OK
M-112,2026-09-13 12:00:00,33.01,203.35,76.58,0.58,OK
M-112,2026-09-13 13:00:00,33.31,220.63,149.47,0.963,OK
M-112,2026-09-13 14:00:00,31.86,218.37,159.55,0.942,OK
M-112,2026-09-13 15:00:00,31.51,205.82,218.06,0.72,OK
M-112,2026-09-13 16:00:00,31.78,225.07,148.82,0.955,OK
M-112,2026-09-13 17:00:00,32.51,224.11,131.93,0.942,OK
M-112,2026-09-13 18:00:00,27.39,239.88,49.51,0.98,OK
M-112,2026-09-13 19:00:00,25.57,220.43,136.86,0.946,OK
M-112,2026-09-13 20:00:00,26.67,218.93,117.71,0.919,OK
M-112,2026-09-13 21:00:00,25.75,240.03,46.64,0.98,OK
M-112,2026-09-13 22:00:00,25.78,222.51,115.31,0.946,OK
M-112,2026-09-13 23:00:00,26.81,223.05,125.12,0.97,OK
M-112,2026-09-14 00:00:00,20.3,237.39,159.62,0.72,OK
M-112,2026-09-14 01:00:00,22.59,223.35,99.43,0.943,OK
M-112,2026-09-14 02:00:00,22.49,224.81,93.36,0.922,OK
M-112,2026-09-14 03:00:00,20.88,238.53,158.93,0.72,OK
M-112,2026-09-14 04:00:00,21.81,220.41,95.6,0.953,OK
M-112,2026-09-14 05:00:00,22.96,223.18,103.07,0.984,OK
M-112,2026-09-14 06:00:00,27.09,239.92,53.63,0.72,OK
M-112,2026-09-14 07:00:00,26.03,221.63,124.55,0.923,OK
M-112,2026-09-14 08:00:00,29.34,224.55,154.51,0.946,OK
M-112,2026-09-14 09:00:00,30.72,202.46,217.41,0.58,OK
M-112,2026-09-14 10:00:00,31.43,222.37,151.92,0.966,OK
M-112,2026-09-14 11:00:00,32.13,224.62,131.01,0.943,OK
M-112,2026-09-14 12:00:00,30.04,202.68,78.99,0.98,OK
M-112,2026-09-14 13:00:00,33.64,220.23,139.99,0.926,OK
M-112,2026-09-14 14:00:00,34.16,220.98,140.12,0.953,OK
M-112,2026-09-14 15:00:00,33.15,201.56,77.28,0.58,OK
M-112,2026-09-14 16:00:00,32.78,220.3,150.04,0.953,OK
M-112,2026-09-14 17:00:00,32.94,223.58,135.58,0.941,OK
M-112,2026-09-14 18:00:00,26.52,204.74,190.62,0.72,OK
M-112,2026-09-14 19:00:00,26.22,224.12,119.91,0.94,OK
M-112,2026-09-14 20:00:00,24.61,216.88,115.33,0.951,OK
M-112,2026-09-14 21:00:00,28.01,240.46,193.2,0.58,OK
M-112,2026-09-14 22:00:00,26.62,222.7,122.67,0.919,OK
M-112,2026-09-14 23:00:00,26.19,226.1,113.63,0.942,OK
